"","Bark(%)","Waterpercentage","Class","DiamClass","Species","T3","T2","T1","Soil_moist","correctedArea","Plot...16","SubPlot"
"1",85,46.1153069617887,1,25,"AA",20.375,17.75,14.375,1940,4.25714310470967,3,1
"2",98,41.5015283680012,2,25,"AA",18.5,16.25,13.5625,1923,4.45749332452452,3,1
"3",98,39.3669115075201,1,25,"FS",18.5,16.25,13.5625,1923,2.13367336047892,3,1
"4",100,35.2190296749882,2,25,"FS",20.6875,17.875,14.375,1940,3.98393258354406,3,1
"5",35,61.2916791829378,4,25,"FS",18.75,16.375,13.5625,1923,2.74142585953106,3,1
"6",85,46.1153069617887,1,25,"AA",20.375,17.5,13.8125,1927,5.88040250282901,3,1
"7",98,41.5015283680012,2,25,"AA",20.375,17.5,13.8125,1927,2.77808988432595,3,1
"8",98,41.5015283680012,2,25,"AA",20.4375,17.625,13.8125,1927,2.89235041664494,3,1
"9",70,59.7957493789677,4,25,"AA",20.4375,17.625,13.8125,1927,1.73297876053065,3,1
"10",35,61.2916791829378,4,25,"FS",20.625,17.6875,13.875,1927,1.87889812819747,3,1
"11",98,42.4828836085381,1,10,"AA",22.4375,18.875,14.625,1942,0,3,1
"12",85,46.1153069617887,1,25,"AA",20.6875,18.125,14.125,1930,1.45295939813861,3,1
"13",98,41.5015283680012,2,25,"AA",20.6875,18.125,14.125,1930,1.83919393518248,3,1
"14",70,59.7957493789677,4,25,"AA",20.6875,18.125,14.125,1930,0.426227218388914,3,1
"15",98,39.3669115075201,1,25,"FS",20.625,18.125,14.125,1931,0.527994778244431,3,1
"16",100,35.2190296749882,2,25,"FS",20.625,18.125,14.125,1931,1.94587246021908,3,1
"17",35,61.2916791829378,4,25,"FS",20.625,18.125,14.125,1931,1.36073952298377,3,1
"18",100,36.1311914323963,1,10,"FS",18.1875,16.125,13.5,1922,144.398662711316,3,1
"19",95,35.064139941691,2,10,"FS",18.5,16.25,13.5625,1923,584.525295418485,3,1
"20",95,26.8309554690878,2,10,"AA",18.5,16.25,13.5625,1923,46.6482876702954,3,1
"21",94,44.6510580819451,4,10,"FS",18.5,16.25,13.5625,1923,238.552718666684,3,1
"22",99,35.9994077583654,1,1,"FS",18.75,16.375,13.5625,1923,5.49271893182881,3,1
"23",99.5,30.7969656403391,1,1,"AA",18.75,16.375,13.5625,1923,2.28626091092752,3,1
"24",93.5,33.4417887758118,2,1,"AA",18.75,16.375,13.5625,1923,2.27664880255709,3,1
"25",93,38.0366936110188,2,1,"FS",18.875,16.5,13.625,1923,0,3,1
"26",100,37.8663633348939,4,1,"AA",18.875,16.5,13.625,1923,0,3,1
"27",27.5,42.9549237119364,4,1,"FS",18.875,16.5,13.625,1923,0,3,1
"28",99.5,30.7969656403391,1,1,"AA",20.375,17.5,13.8125,1927,2.66615660883756,3,1
"29",93.5,33.4417887758118,2,1,"AA",20.375,17.5,13.8125,1927,4.42254241762331,3,1
"30",93,38.0366936110188,2,1,"FS",20.375,17.5,13.8125,1927,0.309935306908394,3,1
"31",99,35.9994077583654,1,1,"FS",20.375,17.5,13.8125,1927,8.08434557632289,3,1
"32",90,42.7027718012059,4,1,"AA",22.125,18.75,14.625,1941,3.601854714147,3,1
"33",27.5,42.9549237119364,4,1,"FS",20.4375,17.625,13.8125,1927,2.71197146707021,3,1
"34",95,26.8309554690878,2,10,"AA",20.4375,17.625,13.8125,1927,44.1915181596496,3,1
"35",100,36.1311914323963,1,10,"FS",22.25,18.8125,14.625,1941,130.340317862644,3,1
"36",95,35.064139941691,2,10,"FS",22.25,18.8125,14.625,1941,333.720071689639,3,1
"37",95,35.064139941691,2,10,"FS",20.625,18.125,14.125,1931,381.556210521611,3,1
"38",95,26.8309554690878,2,10,"AA",20.625,18.125,14.125,1931,46.7418767354678,3,1
"39",100,36.1311914323963,1,10,"FS",20.625,18.125,14.125,1931,137.699394443068,3,1
"40",94,44.6510580819451,4,10,"FS",20.625,18.125,14.125,1931,389.410275949513,3,1
"41",99.5,30.7969656403391,1,1,"AA",20.625,18.125,14.1875,1931,2.40652502924335,3,1
"42",93.5,33.4417887758118,2,1,"AA",20.625,18.125,14.1875,1931,2.66360267403319,3,1
"43",93,38.0366936110188,2,1,"FS",20.625,18.125,14.1875,1931,0,3,1
"44",99,35.9994077583654,1,1,"FS",20.625,18.125,14.1875,1931,6.88642396816842,3,1
"45",100,37.8663633348939,4,1,"AA",20.625,18.125,14.1875,1931,0,3,1
"46",27.5,42.9549237119364,4,1,"FS",20.625,18.125,14.1875,1932,0,3,1
"47",100,52.2856681105805,1,1,"AA",22.4375,18.875,14.625,1942,2.42455076011615,3,1
"48",100,38.7688253012048,1,25,"AA",18.9375,16,13.5,2092,1.69160186708692,3,2
"49",96,37.9618399645023,2,25,"AA",18.9375,16,13.5,2092,2.72988052709138,3,2
"50",80,45.9696362073904,4,25,"AA",21.25,17.75,14.375,2096,2.34895816008089,3,2
"51",98,41.8001853568119,1,25,"FS",18.9375,16.125,13.5,2091,1.16264220650463,3,2
"52",95,35.5738192636668,2,25,"FS",18.9375,16.125,13.5,2091,7.23470119474135,3,2
"53",60,39.4917595064911,4,25,"FS",18.9375,16.125,13.5,2091,3.4102972557568,3,2
"54",100,38.7688253012048,1,25,"AA",21,17.375,13.9375,2093,0.635986479882689,3,2
"55",96,37.9618399645023,2,25,"AA",21,17.375,13.9375,2093,2.89150516298874,3,2
"56",80,45.9696362073904,4,25,"AA",21,17.375,13.9375,2093,2.45258892766413,3,2
"57",98,41.8001853568119,1,25,"FS",22.75,18.75,14.8125,2095,0.572021401437013,3,2
"58",95,35.5738192636668,2,25,"FS",21.125,17.4375,14,2093,6.60251334801743,3,2
"59",60,39.4917595064911,4,25,"FS",21.125,17.4375,14,2093,2.69603360782667,3,2
"60",100,38.7688253012048,1,25,"AA",21.125,17.8125,14.25,2100,0.441026700021727,3,2
"61",96,37.9618399645023,2,25,"AA",21.125,17.8125,14.25,2100,1.77942723813701,3,2
"62",80,45.9696362073904,4,25,"AA",21.125,17.8125,14.25,2100,2.45304557139496,3,2
"63",98,41.8001853568119,1,25,"FS",21.125,17.8125,14.25,2100,0.65289766675394,3,2
"64",95,35.5738192636668,2,25,"FS",21.125,17.8125,14.25,2100,6.39935909115532,3,2
"65",60,39.4917595064911,4,25,"FS",21,17.8125,14.25,2101,2.76415453164608,3,2
"66",82.5,37.7761584127632,4,1,"AA",19.125,16.1875,13.5625,2092,0,3,2
"67",98,33.7643404132351,1,1,"FS",19.125,16.1875,13.5625,2092,4.10513623309152,3,2
"68",65,45.6680542364661,4,1,"FS",19.125,16.1875,13.5625,2092,2.32106930947248,3,2
"69",96,26.8292650762881,1,1,"AA",21.625,17.9375,14.4375,2091,2.41649578268782,3,2
"70",96,30.3338450842941,1,1,"FS",21.625,17.9375,14.4375,2091,1.04542323986533,3,2
"71",90,36.6353736387533,4,10,"AA",19.25,16.25,13.5625,2093,151.073063482432,3,2
"72",98,39.652412531443,2,10,"FS",19.25,16.25,13.5625,2093,434.012484477571,3,2
"73",90,31.8195266272189,4,10,"FS",19.25,16.25,13.5625,2093,159.935335223121,3,2
"74",100,34.7204968944099,1,10,"FS",21.875,18.125,14.5,2089,67.5356129171505,3,2
"75",92.5,31.2921282058261,2,1,"AA",19.8125,16.625,13.6875,2090,1.39359013206181,3,2
"76",90,31.8195266272189,4,10,"FS",20.625,17.125,13.875,2091,204.401898812912,3,2
"77",100,34.7204968944099,1,10,"FS",20.625,17.125,13.875,2091,96.8378002743884,3,2
"78",98,39.652412531443,2,10,"FS",22.375,18.625,14.75,2094,419.077655053078,3,2
"79",90,36.6353736387533,4,10,"AA",20.6875,17.25,13.875,2092,122.566865077395,3,2
"80",65,45.6680542364661,4,1,"FS",20.875,17.3125,13.875,2092,1.40339804701409,3,2
"81",98,33.7643404132351,1,1,"FS",20.875,17.3125,13.875,2092,5.39465292436065,3,2
"82",82.5,37.7761584127632,4,1,"AA",20.875,17.3125,13.875,2092,0.448872139620371,3,2
"83",96,30.3338450842941,1,1,"FS",21,17.375,13.9375,2093,1.40130907131505,3,2
"84",96,26.8292650762881,2,1,"AA",21,17.375,13.9375,2093,2.78759219735686,3,2
"85",100,28.2204612713087,1,1,"AA",21,17.375,13.9375,2093,2.4342810997591,3,2
"86",65,45.6680542364661,4,1,"FS",21,17.8125,14.25,2101,1.74112003577576,3,2
"87",98,33.7643404132351,2,1,"FS",21,17.8125,14.25,2101,5.63252980182075,3,2
"88",82.5,37.7761584127632,4,1,"AA",21,17.8125,14.25,2101,0,3,2
"89",96,30.3338450842941,1,1,"FS",21,17.8125,14.25,2101,1.18835695685408,3,2
"90",96,26.8292650762881,2,1,"AA",20.9375,17.8125,14.25,2102,3.22050031816306,3,2
"91",100,28.2204612713087,1,1,"AA",20.9375,17.8125,14.25,2102,2.42914091182659,3,2
"92",98,39.652412531443,2,10,"FS",20.9375,17.8125,14.25,2102,410.271679515944,3,2
"93",90,36.6353736387533,4,10,"AA",20.9375,17.8125,14.25,2102,157.561223899391,3,2
"94",100,34.7204968944099,1,10,"FS",20.9375,17.8125,14.25,2102,92.210129473412,3,2
"95",90,31.8195266272189,4,10,"FS",21,17.75,14.3125,2102,206.243489928806,3,2
"96",100,36.8624497991968,1,25,"AA",21.625,17.625,14.5625,2590,1.00523393652984,3,4
"97",99,38.6557139405654,2,25,"AA",18.875,16,13.75,2596,5.58059583302407,3,4
"98",95,37.4524006622516,4,25,"AA",18.875,16,13.75,2596,1.32935033869109,3,4
"99",95,37.6447378405038,2,25,"FS",21.5,17.625,14.625,2590,3.98571312737388,3,4
"100",5,61.6423927178154,4,25,"FS",19,16,13.75,2596,4.22546666046506,3,4
"101",100,36.8624497991968,1,25,"AA",21,17.125,14,2595,0.381729138205573,3,4
"102",99,38.6557139405654,2,25,"AA",26.875,18.5,14.875,2536,3.42613091059508,3,4
"103",95,37.4524006622516,4,25,"AA",20.875,17.125,14,2595,0.847478725633573,3,4
"104",97,100,1,25,"FS",20.875,17.125,14,2595,0.47398939764812,3,4
"105",95,37.6447378405038,2,25,"FS",20.875,17.125,14,2595,3.56001810837697,3,4
"106",5,61.6423927178154,4,25,"FS",20.875,17.125,14,2595,3.83705286933031,3,4
"107",100,36.8624497991968,1,25,"AA",21.125,17.625,14.3125,2594,0.439370474568818,3,4
"108",99,38.6557139405654,2,25,"AA",21.125,17.625,14.3125,2594,4.28016136144812,3,4
"109",95,37.4524006622516,4,25,"AA",21.125,17.625,14.3125,2594,0.912758016237353,3,4
"110",97,100,1,25,"FS",21.125,17.625,14.375,2594,0.435478222151197,3,4
"111",5,61.6423927178154,4,25,"FS",21.125,17.625,14.375,2594,3.52707215679167,3,4
"112",95,37.4524006622516,4,25,"AA",18.875,16,13.75,2596,0.118446554314817,3,4
"113",97,35.9940750493746,1,10,"AA",19.125,16.125,13.75,2596,48.0716001754384,3,4
"114",99,100,1,10,"FS",19.125,16.125,13.75,2596,86.8898913679029,3,4
"115",100,100,1,1,"FS",21.625,17.6875,14.625,2589,3.37275011553871,3,4
"116",55,38.7235700923984,4,1,"FS",19.25,16.1875,13.75,2596,4.96310272551465,3,4
"117",90,100,4,1,"AA",19.25,16.1875,13.75,2596,0.724953332578446,3,4
"118",98,26.7247214886319,1,1,"AA",19.25,16.1875,13.75,2596,3.10246292180977,3,4
"119",100,100,2,1,"AA",19.25,16.1875,13.75,2596,1.47780728238614,3,4
"120",97,67.6646706586826,2,1,"FS",21.625,17.75,14.625,2588,5.40462524306865,3,4
"121",90,100,4,1,"AA",22.5625,18.375,14.875,2586,1.41196818010806,3,4
"122",55,38.7235700923984,4,1,"FS",21,17.125,14,2595,4.06548638190822,3,4
"123",100,100,1,1,"FS",21,17.125,14,2595,2.3358451835846,3,4
"124",98,26.7247214886319,1,1,"AA",21,17.125,14,2595,2.58547366379421,3,4
"125",100,100,2,1,"AA",21,17.125,14,2595,1.22506330869582,3,4
"126",97,67.6646706586826,2,1,"FS",21,17.125,14,2595,7.11729491323107,3,4
"127",97,35.9940750493746,1,10,"AA",26.875,18.5,14.875,2536,35.5152970798589,3,4
"128",98,26.3522341259472,2,10,"FS",20.875,17.125,14,2595,129.990859136659,3,4
"129",99,100,1,10,"FS",20.875,17.125,14,2595,132.544827511179,3,4
"130",99,100,1,10,"FS",21.125,17.625,14.375,2594,139.774982323266,3,4
"131",98,26.3522341259472,2,10,"FS",21.125,17.625,14.375,2594,125.355295837842,3,4
"132",97,35.9940750493746,1,10,"AA",21,17.625,14.375,2594,56.2143969161036,3,4
"133",98,26.7247214886319,1,1,"AA",21,17.625,14.375,2594,3.66120450494465,3,4
"134",100,100,2,1,"AA",21,17.625,14.375,2594,1.7171237120612,3,4
"135",97,67.6646706586826,2,1,"FS",21,17.625,14.375,2594,5.7518509231699,3,4
"136",90,100,4,1,"AA",21.125,17.625,14.375,2594,0,3,4
"137",55,38.7235700923984,4,1,"FS",21.125,17.625,14.375,2594,2.15886354482235,3,4
"138",100,100,1,1,"FS",21.125,17.625,14.375,2594,2.4987574381932,3,4
"139",99,38.6990780868332,1,25,"AA",20.1875,17.5,13.8125,1763,1.04342085497109,3,5
"140",92,33.8845760980592,2,25,"AA",20.1875,17.5,13.8125,1763,2.95927074323451,3,5
"141",87,69.4484781811515,4,25,"AA",22.25,18.875,14.75,1757,4.30397236721643,3,5
"142",98,42.8508290964676,1,25,"FS",20,17.375,13.875,1763,0.641348100129808,3,5
"143",95,39.7473269555431,2,25,"FS",20,17.375,13.875,1763,2.26631453102085,3,5
"144",65,57.9397082658023,4,25,"FS",20,17.375,13.875,1763,2.58523974841302,3,5
"145",92,33.8845760980592,2,25,"AA",21.125,17.9375,14.25,1762,2.62897018163468,3,5
"146",87,69.4484781811515,4,25,"AA",21.125,17.9375,14.25,1762,4.34844395640601,3,5
"147",98,42.8508290964676,1,25,"FS",21.125,17.9375,14.25,1762,0.468286123175805,3,5
"148",95,39.7473269555431,2,25,"FS",21.1875,18,14.3125,1763,2.00566400665507,3,5
"149",99,38.6990780868332,1,25,"AA",21,18.125,14.5625,1762,0.695966791860801,3,5
"150",92,33.8845760980592,2,25,"AA",21,18.125,14.5625,1762,3.27057516733523,3,5
"151",87,69.4484781811515,4,25,"AA",20.9375,18.125,14.5625,1762,4.31850949602989,3,5
"152",98,42.8508290964676,1,25,"FS",20.9375,18.125,14.5625,1762,0.415145111297455,3,5
"153",95,39.7473269555431,2,25,"FS",20.9375,18.125,14.5625,1762,2.02469494169566,3,5
"154",65,57.9397082658023,4,25,"FS",20.875,18.0625,14.625,1762,0.692244940517079,3,5
"155",100,30.2271955611898,1,1,"AA",20,17.25,13.9375,1763,0.664181754972954,3,5
"156",100,34.3732579437764,2,1,"AA",20,17.25,13.9375,1763,0,3,5
"157",67.5,34.8080108795356,4,1,"FS",20,17.25,13.9375,1763,0.758547473333313,3,5
"158",77.5,34.3071607656088,4,1,"AA",20,17.25,13.9375,1763,1.84812224323093,3,5
"159",95,44.1752263180835,2,1,"FS",22.25,18.9375,14.875,1756,15.9022238413172,3,5
"160",90,37.083645443196,1,10,"FS",20,17.3125,14,1762,80.9777034274687,3,5
"161",96,25.7619863013699,2,10,"FS",22.125,18.875,14.875,1755,31.0169638257415,3,5
"162",96,25.7619863013699,2,10,"FS",21.125,17.9375,14.25,1762,69.211806013376,3,5
"163",90,37.083645443196,1,10,"FS",21.125,17.9375,14.25,1762,117.796086718932,3,5
"164",77.5,34.3071607656088,4,1,"AA",21.125,17.9375,14.25,1762,3.54941166239589,3,5
"165",100,34.3732579437764,2,1,"AA",21.1875,18,14.3125,1763,0.808080688410881,3,5
"166",100,30.2271955611898,1,1,"AA",21.1875,18,14.3125,1763,1.47952042481257,3,5
"167",67.5,34.8080108795356,4,1,"FS",21.1875,18,14.3125,1763,1.51791020028471,3,5
"168",95,44.1752263180835,2,1,"FS",21.1875,18,14.3125,1763,19.5039253097728,3,5
"169",100,28.4458531675784,1,1,"FS",21.1875,18,14.3125,1763,0.891438402821157,3,5
"170",67.5,34.8080108795356,4,1,"FS",20.875,18.0625,14.625,1761,0.621871655772032,3,5
"171",95,44.1752263180835,2,1,"FS",20.75,18,14.625,1762,18.3710327557506,3,5
"172",100,28.4458531675784,1,1,"FS",20.75,18,14.625,1762,3.8260455170998,3,5
"173",96,25.7619863013699,2,10,"FS",20.75,18,14.625,1762,63.3781310181762,3,5
"174",90,37.083645443196,1,10,"FS",20.625,18,14.625,1761,107.835853410332,3,5
"175",97,52.6110828673106,1,25,"AA",19.75,17.125,14.1875,2610,1.52475107143524,3,3
"176",98,40.7522071806945,2,25,"AA",19.75,17.125,14.1875,2610,2.57434342304394,3,3
"177",75,65.6178669815034,4,25,"AA",19.75,17.125,14.1875,2610,0.981199819097172,3,3
"178",100,41.5962011959198,1,25,"FS",22.5,19.125,15.1875,2612,0.440066028853071,3,3
"179",98,-507.935440484196,2,25,"FS",20.1875,17.375,14.1875,2610,2.06933508674782,3,3
"180",60,62.7876971608833,4,25,"FS",20.1875,17.375,14.1875,2610,0.946998212594978,3,3
"181",97,52.6110828673106,1,25,"AA",21.375,18.5,14.625,2611,1.21125389992278,3,3
"182",98,40.7522071806945,2,25,"AA",21.375,18.5,14.625,2611,2.3465227924365,3,3
"183",75,65.6178669815034,4,25,"AA",21.4375,18.5,14.6875,2611,0.916105295612742,3,3
"184",100,41.5962011959198,1,25,"FS",21.4375,18.5,14.6875,2611,0.176190103539488,3,3
"185",98,-507.935440484196,2,25,"FS",21.4375,18.5,14.6875,2611,1.68995589923506,3,3
"186",60,62.7876971608833,4,25,"FS",21.5625,18.625,14.75,2612,0.931199659483085,3,3
"187",97,52.6110828673106,1,25,"AA",20.875,18.5,15,2612,0.758987482782911,3,3
"188",98,40.7522071806945,2,25,"AA",20.875,18.5,15,2612,1.8121619433565,3,3
"189",75,65.6178669815034,4,25,"AA",20.875,18.4375,15,2612,0.694162260077695,3,3
"190",100,41.5962011959198,1,25,"FS",20.875,18.4375,15,2612,0.163739078404425,3,3
"191",98,-507.935440484196,2,25,"FS",20.875,18.4375,15,2612,1.75919763193164,3,3
"192",60,62.7876971608833,4,25,"FS",20.875,18.4375,15,2612,1.11718065918306,3,3
"193",98,35.8645072992701,1,10,"FS",21.375,18.125,14.25,2611,154.751360420173,3,3
"194",100,24.1263494602159,2,10,"FS",21.375,18.125,14.25,2611,132.062926940575,3,3
"195",70,51.3857897827363,4,10,"FS",23.75,20,15.25,2612,89.367340546496,3,3
"196",100,29.785671520108,1,1,"AA",21.75,18.5,14.25,2611,3.31306240858462,3,3
"197",97.5,42.1018007046235,4,1,"AA",21.75,18.5,14.25,2611,0,3,3
"198",95,40.9419961481817,2,1,"AA",21.75,18.5,14.25,2611,1.25137356409907,3,3
"199",100,35.3821572028784,1,1,"FS",21.75,18.5,14.25,2611,3.47452135252982,3,3
"200",57.5,45.9532877677838,4,1,"FS",23.375,20,15.25,2613,0,3,3
"201",95,42.6990889483026,2,1,"FS",21.625,18.5625,14.3125,2611,13.715896259744,3,3
"202",100,35.3821572028784,1,1,"FS",21.4375,18.5,14.6875,2611,4.15263996437187,3,3
"203",95,40.9419961481817,2,1,"AA",21.4375,18.5,14.6875,2611,0.466044011966538,3,3
"204",97.5,42.1018007046235,4,1,"AA",21.4375,18.5,14.6875,2611,0.774372656945397,3,3
"205",100,29.785671520108,1,1,"AA",21.4375,18.5,14.6875,2611,2.2820062148424,3,3
"206",57.5,45.9532877677838,4,1,"FS",21.5625,18.625,14.75,2612,0,3,3
"207",95,42.6990889483026,2,1,"FS",21.5625,18.625,14.75,2612,13.1224139370958,3,3
"208",98,35.8645072992701,1,10,"FS",21.5625,18.625,14.75,2612,153.561017168328,3,3
"209",100,24.1263494602159,2,10,"FS",21.1875,18.5625,14.75,2612,132.980947324404,3,3
"210",70,51.3857897827363,4,10,"FS",21.1875,18.5625,14.75,2612,118.603884312838,3,3
"211",70,51.3857897827363,4,10,"FS",20.75,18.375,15,2612,104.525408057532,3,3
"212",100,24.1263494602159,2,10,"FS",20.75,18.375,15,2612,151.203341477942,3,3
"213",98,35.8645072992701,1,10,"FS",20.75,18.375,15,2612,167.31226526057,3,3
"214",100,29.785671520108,1,1,"AA",20.6875,18.375,15,2612,2.3952253532222,3,3
"215",97.5,42.1018007046235,4,1,"AA",20.6875,18.375,15,2612,0,3,3
"216",90,29.744066171182,2,1,"AA",20.6875,18.375,15,2612,0.609408146837661,3,3
"217",100,35.3821572028784,1,1,"FS",20.6875,18.375,15,2612,2.62256566773759,3,3
"218",57.5,45.9532877677838,4,1,"FS",20.6875,18.375,15,2612,0,3,3
"219",95,42.6990889483026,2,1,"FS",20.5625,18.3125,15,2612,18.136249608727,3,3
"220",95,43.7771603223118,1,25,"AA",22.0625,19,15.125,2168,7.65688399246757,6,1
"221",95,40.8435741616025,2,25,"AA",21,18.875,15.1875,2178,4.79757829947476,6,1
"222",50,60.0326194865977,4,25,"AA",22.4375,19.25,15.125,2167,6.25191727139538,6,1
"223",96,36.1559696342305,1,25,"FS",22.4375,19.25,15.125,2167,4.27665503779953,6,1
"224",70,36.3374485596708,2,25,"FS",22.4375,19.25,15.125,2167,4.03237288162465,6,1
"225",60,71.9090457530769,4,25,"FS",21.5,19.0625,15.1875,2178,3.12460858146545,6,1
"226",95,43.7771603223118,1,25,"AA",22.8125,19.875,15.3125,2163,2.16681275455089,6,1
"227",95,40.8435741616025,2,25,"AA",21.4375,19.75,15.5,2177,1.51414885145696,6,1
"228",50,60.0326194865977,4,25,"AA",22.875,19.875,15.375,2163,3.92599870402382,6,1
"229",96,36.1559696342305,1,25,"FS",22.875,19.875,15.375,2163,1.15433832181695,6,1
"230",70,36.3374485596708,2,25,"FS",22.875,19.875,15.375,2163,3.09890626503226,6,1
"231",60,71.9090457530769,4,25,"FS",22.875,19.875,15.375,2163,1.12106418889512,6,1
"232",95,43.7771603223118,1,25,"AA",22.25,19.875,15.5625,2161,4.72778436546447,6,1
"233",50,60.0326194865977,4,25,"AA",22,19.75,15.5625,2160,2.73739993667881,6,1
"234",96,36.1559696342305,1,25,"FS",22,19.75,15.5625,2160,1.24432164281437,6,1
"235",96,36.1559696342305,1,25,"FS",22,19.75,15.5625,2160,2.85854877391444,6,1
"236",60,71.9090457530769,4,25,"FS",21.875,19.5,15.6875,2174,1.51258562162136,6,1
"237",99,34.5590482392058,1,10,"AA",21,18.875,15.1875,2178,18.5357846851867,6,1
"238",92.5,35.0585579629385,2,1,"FS",22.0625,19,15.125,2168,13.5031341831453,6,1
"239",20,28.5791485646137,4,1,"FS",21,18.875,15.1875,2178,0.990170165123387,6,1
"240",100,29.0851614853213,4,1,"AA",22.4375,19.25,15.125,2167,1.18706330418494,6,1
"241",98.5,30.9224168181963,2,1,"AA",22.4375,19.25,15.125,2167,1.58195795215926,6,1
"242",100,25.4329119827981,1,1,"AA",22.4375,19.25,15.125,2167,3.10048528289433,6,1
"243",99,36.3370733987845,1,10,"FS",22.4375,19.25,15.125,2167,45.9412634036294,6,1
"244",98,34.533258803801,2,10,"FS",22.25,19.25,15.125,2167,65.5428981114243,6,1
"245",70,100,4,10,"FS",22.25,19.25,15.125,2167,39.8779431160699,6,1
"246",98,26.2336039975016,2,10,"AA",22.25,19.25,15.125,2167,0,6,1
"247",99,36.3370733987845,1,10,"FS",22.375,19.375,15.125,2167,53.0107262818713,6,1
"248",98,100,2,10,"FS",22.375,19.375,15.125,2167,185.573172258549,6,1
"249",80,45.1080296678491,4,10,"FS",22.375,19.375,15.125,2167,94.9650326513135,6,1
"250",98,41.0056466792148,1,10,"AA",21.8125,19.25,15.25,2178,19.2011921259253,6,1
"251",97,100,2,10,"AA",22.8125,19.5,15.125,2167,9.26438203704122,6,1
"252",96,37.3174801835628,4,10,"AA",22.8125,19.5,15.125,2167,38.7187160984583,6,1
"253",97,42.2348782403771,1,10,"AA",22.8125,19.5,15.125,2167,44.5139430139433,6,1
"254",99,36.3370733987845,1,10,"FS",22.875,19.875,15.375,2163,52.6979654375562,6,1
"255",98,100,2,10,"FS",22.875,19.875,15.375,2163,143.029122652836,6,1
"256",70,100,4,10,"FS",22.875,19.875,15.375,2163,80.3898420429082,6,1
"257",98,34.533258803801,2,10,"FS",22.875,19.875,15.375,2163,162.629178453909,6,1
"258",98,26.2336039975016,2,10,"AA",21.0625,19.5625,15.5,2177,15.0915951556628,6,1
"259",98,41.0056466792148,1,10,"AA",22.625,19.875,15.375,2163,40.1272363925807,6,1
"260",97,100,2,10,"AA",22.625,19.875,15.375,2163,12.6389777479759,6,1
"261",96,37.3174801835628,4,10,"AA",22.625,19.875,15.375,2163,56.0327502943933,6,1
"262",80,45.1080296678491,4,10,"FS",22.625,19.875,15.375,2163,120.201496320592,6,1
"263",97,42.2348782403771,1,10,"AA",21.375,19.625,15.5625,2177,44.4049361895986,6,1
"264",99,36.3370733987845,1,10,"FS",22.1875,19.875,15.5625,2161,57.542547072621,6,1
"265",98,100,2,10,"FS",22.1875,19.875,15.5625,2161,195.321535598852,6,1
"266",70,100,4,10,"FS",21.625,19.5,15.6875,2174,90.2080407075289,6,1
"267",98,34.533258803801,2,10,"FS",22.25,19.875,15.5625,2161,186.342569232468,6,1
"268",98,26.2336039975016,2,10,"AA",22.25,19.875,15.5625,2161,10.1805339137315,6,1
"269",98,41.0056466792148,1,10,"AA",22.25,19.875,15.5625,2161,39.6720742777555,6,1
"270",97,100,2,10,"AA",22.25,19.875,15.5625,2161,17.1509363465279,6,1
"271",96,37.3174801835628,4,10,"AA",21.75,19.5,15.6875,2174,48.4987849244807,6,1
"272",80,45.1080296678491,4,10,"FS",22,19.75,15.5625,2160,113.741162442486,6,1
"273",97,42.2348782403771,1,10,"AA",22,19.75,15.5625,2160,44.9609213798868,6,1
"274",92.5,35.0585579629385,2,1,"FS",21.75,18.875,15.125,2168,13.9123457351479,6,1
"275",20,28.5791485646137,4,1,"FS",21.75,18.875,15.125,2168,0.679809823600262,6,1
"276",98.5,30.9224168181963,2,1,"AA",21.75,18.875,15.125,2168,1.36064835204595,6,1
"277",100,29.0851614853213,4,1,"AA",20.375,18.375,15.1875,2155,0.435513537917411,6,1
"278",100,28.6257705988835,1,1,"FS",22.875,19.75,15.25,2164,0.495817017151843,6,1
"279",92.5,35.0585579629385,2,1,"FS",22.875,19.75,15.25,2164,15.8706765485968,6,1
"280",20,28.5791485646137,4,1,"FS",22.875,19.75,15.25,2164,0,6,1
"281",100,25.4329119827981,1,1,"AA",21.5,19.25,15.375,2154,1.05299976478642,6,1
"282",98.5,30.9224168181963,2,1,"AA",22.625,19.875,15.25,2164,2.97660184961969,6,1
"283",100,29.0851614853213,4,1,"AA",22.625,19.875,15.25,2164,0,6,1
"284",100,28.6257705988835,1,1,"FS",22.25,19.8125,15.5,2161,1.42345586564091,6,1
"285",92.5,35.0585579629385,2,1,"FS",22.25,19.8125,15.5,2161,14.6668156682038,6,1
"286",20,28.5791485646137,4,1,"FS",22.25,19.8125,15.5,2161,0,6,1
"287",100,25.4329119827981,1,1,"AA",22.25,19.8125,15.5,2161,2.95639485490391,6,1
"288",98.5,30.9224168181963,2,1,"AA",22.375,19.875,15.5,2161,0.36443953282745,6,1
"289",100,29.0851614853213,4,1,"AA",22.375,19.875,15.5,2161,0,6,1
"290",97,45.9809788416328,1,25,"AA",22.625,19.5,15,2400,4.30409907927129,6,2
"291",98,40.0615077715901,2,25,"AA",22.625,19.5,15,2400,1.82932969986907,6,2
"292",55,45.9481154025128,4,25,"AA",22.0625,19.3125,15.125,2409,3.09548343434268,6,2
"293",100,38.3370092633436,1,25,"FS",22.75,19.625,15.0625,2400,1.40055315195978,6,2
"294",85,34.7033977265669,2,25,"FS",22.75,19.625,15.0625,2400,3.41071382729497,6,2
"295",30,53.8858892739141,4,25,"FS",22.75,19.625,15.0625,2400,4.04446923077172,6,2
"296",97,45.9809788416328,1,25,"AA",21.25,19.25,15.375,2409,3.96180409454048,6,2
"297",98,40.0615077715901,2,25,"AA",22.75,19.875,15.25,2397,0.972880216910028,6,2
"298",55,45.9481154025128,4,25,"AA",22.75,19.875,15.25,2397,2.7444079952255,6,2
"299",100,38.3370092633436,1,25,"FS",22.75,19.875,15.25,2397,0.550264100863513,6,2
"300",98,40.0615077715901,2,25,"AA",21.5,19.3125,15.375,2409,3.36011178622374,6,2
"301",30,53.8858892739141,4,25,"FS",22.75,19.875,15.3125,2397,2.88651111387233,6,2
"302",97,45.9809788416328,1,25,"AA",21.75,19.625,15.5,2395,3.38236139332963,6,2
"303",98,40.0615077715901,2,25,"AA",21.75,19.625,15.5,2395,0.89266324922155,6,2
"304",55,45.9481154025128,4,25,"AA",21.75,19.625,15.5,2395,2.82376892356846,6,2
"305",100,38.3370092633436,1,25,"FS",21.75,19.625,15.5,2395,0.344183182729022,6,2
"306",85,34.7033977265669,2,25,"FS",21.5,19.375,15.5,2395,2.57597512191512,6,2
"307",30,53.8858892739141,4,25,"FS",21.5,19.375,15.5,2395,2.91384874260503,6,2
"308",98,43.4473684210526,1,10,"AA",23,19.9375,15.125,2400,32.8189622223714,6,2
"309",90,45.5257142857143,4,10,"AA",23,19.9375,15.125,2400,45.3995620087999,6,2
"310",98,27.179207560887,2,10,"FS",23.0625,20,15.125,2400,114.452182462423,6,2
"311",98,27.3447204968944,2,10,"AA",23.0625,20,15.125,2400,58.874330480658,6,2
"312",NA,37.2770154373928,1,10,"FS",23.0625,20,15.125,2400,257.8485138149,6,2
"313",NA,96.5304931426904,4,10,"FS",23.0625,20,15.125,2400,63.246981179337,6,2
"314",100,24.2687595712098,2,10,"AA",23.0625,20,15.125,2400,12.2846402991121,6,2
"315",99,41.0153677277717,1,10,"FS",22.25,19.625,15.1875,2409,137.210628309522,6,2
"316",65,63.8508715300194,4,10,"FS",23.125,20,15.125,2399,155.258821746106,6,2
"317",98,40.2443113772455,1,10,"AA",23.125,20,15.125,2399,40.5350506806964,6,2
"318",85,48.6846361185984,4,10,"AA",23.125,20,15.125,2399,93.0979086239858,6,2
"319",NA,29.010663507109,2,10,"FS",23.125,20,15.125,2399,174.340197248359,6,2
"320",100,24.2687595712098,2,10,"AA",22.75,19.875,15.3125,2397,15.6128237271677,6,2
"321",99,41.0153677277717,1,10,"FS",22.75,19.875,15.3125,2397,145.979389243969,6,2
"322",65,63.8508715300194,4,10,"FS",22.75,19.875,15.3125,2397,208.818745494157,6,2
"323",98,40.2443113772455,1,10,"AA",22.125,19.5625,15.4375,2409,55.8376510103345,6,2
"324",85,48.6846361185984,4,10,"AA",22.625,19.875,15.3125,2397,102.270738259219,6,2
"325",NA,29.010663507109,2,10,"FS",22.625,19.875,15.3125,2397,193.954761474347,6,2
"326",98,43.4473684210526,1,10,"AA",22.625,19.875,15.3125,2397,34.9428035684217,6,2
"327",90,45.5257142857143,4,10,"AA",22.625,19.875,15.3125,2397,55.2385366302203,6,2
"328",98,27.179207560887,2,10,"FS",22.625,19.875,15.3125,2397,147.167354305877,6,2
"329",98,27.3447204968944,2,10,"AA",22.125,19.625,15.4375,2409,60.1357931681419,6,2
"330",NA,37.2770154373928,1,10,"FS",22.4375,19.875,15.375,2397,170.368651703732,6,2
"331",NA,96.5304931426904,4,10,"FS",22.4375,19.875,15.375,2397,57.7831665550602,6,2
"332",100,24.2687595712098,2,10,"AA",21.9375,19.6875,15.5,2395,15.3575351466319,6,2
"333",99,41.0153677277717,1,10,"FS",21.9375,19.6875,15.5,2395,153.726277999143,6,2
"334",65,63.8508715300194,4,10,"FS",22.125,19.5,15.5,2407,181.267007922065,6,2
"335",98,40.2443113772455,1,10,"AA",22.125,19.5,15.5,2407,49.1954924323657,6,2
"336",85,48.6846361185984,4,10,"AA",21.75,19.625,15.5,2395,103.666339315107,6,2
"337",NA,29.010663507109,2,10,"FS",21.75,19.625,15.5,2395,209.423461746106,6,2
"338",98,43.4473684210526,1,10,"AA",21.75,19.625,15.5,2395,19.3052294994659,6,2
"339",90,45.5257142857143,4,10,"AA",21.75,19.625,15.5,2395,55.7100698551897,6,2
"340",98,27.179207560887,2,10,"FS",21.75,19.625,15.5,2395,157.924874365583,6,2
"341",98,27.3447204968944,2,10,"AA",21.875,19.4375,15.5,2407,67.1832442522274,6,2
"342",NA,37.2770154373928,1,10,"FS",21.5,19.375,15.5,2395,175.59199550576,6,2
"343",NA,96.5304931426904,4,10,"FS",21.5,19.375,15.5,2395,68.5391937188103,6,2
"344",97.5,29.5118945058291,1,1,"FS",22.3125,19.25,15,2400,0.683265993431438,6,2
"345",100,37.4348377006901,2,1,"FS",22.3125,19.25,15,2400,0.70906768927247,6,2
"346",62.5,29.1548376845708,4,1,"FS",22.3125,19.25,15,2400,0.228389190994347,6,2
"347",83.5,26.8636394554863,4,1,"AA",20.875,18.625,15.125,2387,0,6,2
"348",97.5,68.936170212766,2,1,"AA",22.5625,19.4375,15,2400,0.602333837449478,6,2
"349",100,32.4448067294826,1,1,"AA",22.5625,19.4375,15,2400,2.49899002326407,6,2
"350",97.5,29.5118945058291,1,1,"FS",22.375,19.6875,15.25,2398,0,6,2
"351",100,37.4348377006901,2,1,"FS",20.9375,18.9375,15.375,2387,2.48191012698256,6,2
"352",62.5,29.1548376845708,4,1,"FS",22.875,19.875,15.25,2398,0,6,2
"353",83.5,26.8636394554863,4,1,"AA",22.875,19.875,15.25,2398,0,6,2
"354",97.5,68.936170212766,2,1,"AA",21.4375,19.125,15.375,2386,0.391965415505932,6,2
"355",100,32.4448067294826,1,1,"AA",22.75,19.875,15.25,2397,3.04011394628336,6,2
"356",97.5,29.5118945058291,1,1,"FS",22.5,20,15.375,2396,0,6,2
"357",100,37.4348377006901,2,1,"FS",22.5,20,15.375,2396,0.510037746183164,6,2
"358",62.5,29.1548376845708,4,1,"FS",22.5,20,15.375,2396,0,6,2
"359",83.5,26.8636394554863,4,1,"AA",22.25,19.875,15.375,2396,0,6,2
"360",97.5,68.936170212766,2,1,"AA",22.25,19.875,15.375,2396,0.93105654224659,6,2
"361",100,32.4448067294826,1,1,"AA",22.25,19.875,15.375,2396,6.55790769884129,6,2
"362",99,41.8049141761784,1,25,"AA",22.25,19.875,15.625,2018,2.17858514931641,6,3
"363",97,34.6545963167301,2,25,"AA",22.875,20,15.5,1974,0.399136284330494,6,3
"364",95,53.8818973862536,4,25,"AA",22.875,20,15.5,1974,1.98500058940304,6,3
"365",100,41.972632521261,1,25,"FS",22.125,19.9375,15.625,2018,0.547291771271808,6,3
"366",80,NA,2,25,"FS",22.6875,20,15.5,1973,3.61580467435029,6,3
"367",60,68.5259836435057,4,25,"FS",22.6875,20,15.5,1973,1.38634884424355,6,3
"368",99,41.8049141761784,1,25,"AA",22.75,20.3125,15.8125,1962,2.27806558109922,6,3
"369",97,34.6545963167301,2,25,"AA",22.75,20.3125,15.8125,1962,0.226638889781247,6,3
"370",95,53.8818973862536,4,25,"AA",22.0625,19.875,16,2012,0.813850455466319,6,3
"371",100,41.972632521261,1,25,"FS",22.625,20.3125,15.875,1962,0.442105323694284,6,3
"372",80,NA,2,25,"FS",22.625,20.3125,15.875,1962,3.82922093023115,6,3
"373",60,68.5259836435057,4,25,"FS",22.0625,19.875,16.0625,2011,1.55637893633548,6,3
"374",99,41.8049141761784,1,25,"AA",21.5625,19.875,16.0625,1952,1.25580505907185,6,3
"375",97,34.6545963167301,2,25,"AA",21.5,19.75,16.125,1951,0,6,3
"376",95,53.8818973862536,4,25,"AA",21.5,19.75,16.125,1951,1.02357350436907,6,3
"377",100,41.972632521261,1,25,"FS",21.5,19.75,16.125,1951,0.347233801248238,6,3
"378",80,NA,2,25,"FS",19.875,18.75,16.125,1992,3.72801813039987,6,3
"379",60,68.5259836435057,4,25,"FS",21.375,19.6875,16.125,1951,0.883512602907994,6,3
"380",98,26.110788863109,2,10,"AA",21.125,19.5,16.125,1950,102.079451492497,6,3
"381",98,92.7662616154396,2,10,"AA",21.125,19.5,16.125,1950,191.253304367659,6,3
"382",88,100,4,10,"FS",22.375,20.125,15.625,1970,140.006183928628,6,3
"383",95,100,1,10,"AA",22.875,20.25,15.625,1971,39.2619649030762,6,3
"384",99,31.9969512195122,2,10,"FS",22.875,20.25,15.625,1971,252.5054101894,6,3
"385",85,37.6791181873852,1,10,"FS",22.875,20.25,15.625,1971,218.732706010875,6,3
"386",97,41.8330885952031,1,10,"FS",22.875,20.25,15.625,1971,173.184526004808,6,3
"387",78,65.3523098460103,4,10,"FS",22.875,20.25,15.625,1971,67.3680117334316,6,3
"388",98,26.110788863109,2,10,"AA",22.5,20.1875,15.75,2015,26.9362288946008,6,3
"389",90,53.1679659815734,4,10,"AA",22.375,20.125,15.625,1970,57.8648763159993,6,3
"390",98,92.7662616154396,2,10,"AA",22.375,20.125,15.625,1970,25.8396335938075,6,3
"391",95,45.1845906902087,4,10,"AA",22.375,20.125,15.625,1970,42.6871325354954,6,3
"392",98,34.6639586410635,2,10,"FS",22.4375,20.25,15.8125,2016,387.740751842854,6,3
"393",98,26.110788863109,2,10,"AA",22.5,20.375,15.875,1961,42.9370268912795,6,3
"394",90,53.1679659815734,4,10,"AA",22.5,20.375,15.875,1961,68.2525094535864,6,3
"395",88,100,4,10,"FS",22.125,19.875,16.125,2011,174.802789717841,6,3
"396",98,92.7662616154396,2,10,"AA",22.6875,20.4375,15.875,1960,29.3219540136874,6,3
"397",95,45.1845906902087,4,10,"AA",22.6875,20.4375,15.875,1960,57.740049245983,6,3
"398",98,34.6639586410635,2,10,"FS",22.6875,20.4375,15.875,1960,431.681261935565,6,3
"399",95,100,1,10,"AA",22.6875,20.4375,15.875,1960,36.4987220981472,6,3
"400",99,31.9969512195122,2,10,"FS",22.125,19.9375,16.125,2010,212.946783380886,6,3
"401",85,37.6791181873852,1,10,"FS",22.8125,20.5,15.875,1959,232.924529745189,6,3
"402",97,41.8330885952031,1,10,"FS",22.8125,20.5,15.875,1959,145.417829764499,6,3
"403",78,65.3523098460103,4,10,"FS",22.8125,20.5,15.875,1959,85.5146791582591,6,3
"404",98,26.110788863109,2,10,"AA",21.5625,19.875,16.0625,1952,45.4484792670699,6,3
"405",90,53.1679659815734,4,10,"AA",21.5625,19.875,16.0625,1952,67.8780353021976,6,3
"406",88,100,4,10,"FS",21.5625,19.875,16.0625,1952,152.862001777627,6,3
"407",98,92.7662616154396,2,10,"AA",20.5,19.3125,16.125,1993,30.289513194532,6,3
"408",95,45.1845906902087,4,10,"AA",21.5,19.75,16.125,1951,54.1531081658594,6,3
"409",98,34.6639586410635,2,10,"FS",21.5,19.75,16.125,1951,422.957605583127,6,3
"410",95,100,1,10,"AA",21.5,19.75,16.125,1951,31.8844246480294,6,3
"411",99,31.9969512195122,2,10,"FS",21.5,19.75,16.125,1951,277.612024344508,6,3
"412",85,37.6791181873852,1,10,"FS",21.5,19.75,16.125,1951,251.466206170443,6,3
"413",97,41.8330885952031,1,10,"FS",19.875,18.75,16.125,1992,177.632942656497,6,3
"414",78,65.3523098460103,4,10,"FS",21.375,19.6875,16.125,1951,83.343634838522,6,3
"415",97.5,100,1,1,"AA",22.5,19.5,15.4375,1976,1.14133345896007,6,3
"416",100,62.3212057214169,2,1,"AA",21.125,19.375,15.625,1942,2.15789345921581,6,3
"417",87.5,34.5398057739372,4,1,"AA",22.625,19.8125,15.4375,1976,1.88721147681309,6,3
"418",98,27.6406358201433,1,1,"FS",22.625,19.8125,15.4375,1976,0.71021579881766,6,3
"419",100,33.6855441842785,2,1,"FS",22.625,19.8125,15.4375,1976,10.4788309510202,6,3
"420",40,40.4466501687547,4,1,"FS",22.625,19.8125,15.4375,1976,0,6,3
"421",98,27.6406358201433,1,1,"FS",22.75,20.1875,15.75,1965,0.714723400750633,6,3
"422",100,33.6855441842785,2,1,"FS",22.75,20.1875,15.75,1965,10.9295836653485,6,3
"423",40,40.4466501687547,4,1,"FS",22.75,20.1875,15.75,1965,0,6,3
"424",87.5,34.5398057739372,4,1,"AA",21.1875,19.625,16,1937,1.27723857361708,6,3
"425",100,62.3212057214169,2,1,"AA",22.75,20.25,15.75,1964,1.59216450193927,6,3
"426",97.5,100,1,1,"AA",22.75,20.25,15.75,1964,0.518308229159957,6,3
"427",97.5,100,1,1,"AA",22.25,20.375,16,1955,0.806385764785482,6,3
"428",98,27.6406358201433,1,1,"FS",22.25,20.375,16,1956,0.987910734219185,6,3
"429",100,33.6855441842785,2,1,"FS",22.25,20.375,16,1956,9.34872497479467,6,3
"430",40,40.4466501687547,4,1,"FS",22.25,20.375,16,1955,0,6,3
"431",100,62.3212057214169,2,1,"AA",22.25,20.375,16,1955,2.20465118060632,6,3
"432",87.5,34.5398057739372,4,1,"AA",22.25,20.375,16,1955,1.55397817766911,6,3
"433",97,45.6926729167505,1,25,"AA",22.625,19.5,14.375,1967,2.26546653417728,6,5
"434",97,39.2999225006458,2,25,"AA",22.75,19.625,14.375,1967,0.54260158161409,6,5
"435",75,63.0628053867239,4,25,"AA",22.75,19.625,14.375,1967,2.27132842798731,6,5
"436",100,38.0348563835224,1,25,"FS",22.75,19.625,14.375,1967,0.660439667983721,6,5
"437",98,31.6021201413428,2,25,"FS",22.75,19.625,14.375,1967,7.39578980499861,6,5
"438",40,45.5130173564753,4,25,"FS",21.625,18.875,14.3125,2000,1.91695963383912,6,5
"439",97,45.6926729167505,1,25,"AA",22.5,19.75,14.5,1957,2.20487334483971,6,5
"440",97,39.2999225006458,2,25,"AA",22.5,19.75,14.5,1957,0.255776869147313,6,5
"441",75,63.0628053867239,4,25,"AA",22.5,19.75,14.5,1957,2.43032030960286,6,5
"442",100,38.0348563835224,1,25,"FS",22.5,19.75,14.5,1957,0.446111556132659,6,5
"443",98,31.6021201413428,2,25,"FS",22.5,19.75,14.5,1957,7.8408473352513,6,5
"444",97,45.6926729167505,1,25,"AA",21.125,19.125,14.625,1950,2.34190812177132,6,5
"445",97,39.2999225006458,2,25,"AA",20.375,18.5,14.625,1986,0.163278767290569,6,5
"446",75,63.0628053867239,4,25,"AA",21.0625,19,14.625,1949,1.64434412858871,6,5
"447",100,38.0348563835224,1,25,"FS",21.0625,19,14.625,1949,0.580159116567323,6,5
"448",98,31.6021201413428,2,25,"FS",21.0625,19,14.625,1949,7.74789710626789,6,5
"449",98,41.7059084851177,4,10,"AA",21.0625,19,14.625,1949,154.682647708758,6,5
"450",98,34.6488372093023,2,10,"FS",22.375,19.5625,14.375,1962,277.222350097967,6,5
"451",98,42.5849569551427,1,10,"AA",22.375,19.5625,14.375,1962,40.2790016596922,6,5
"452",100,27.9229711141678,2,10,"FS",22.375,19.5625,14.375,1962,175.763334646082,6,5
"453",98,26.2281659388646,2,10,"AA",22.625,19.625,14.4375,1961,33.0170542523001,6,5
"454",96,40.0985221674877,1,10,"FS",22.625,19.625,14.4375,1961,199.97479470099,6,5
"455",80,71.1629526462395,4,10,"FS",22.625,19.625,14.4375,1961,93.6857435440092,6,5
"456",97,41.0427310729215,1,10,"FS",22.625,19.625,14.4375,1961,103.781161998461,6,5
"457",98,42.5849569551427,1,10,"AA",21.375,19.0625,14.5,1991,64.492948575583,6,5
"458",98,34.6488372093023,2,10,"FS",22.5,19.75,14.5625,1954,255.38337197009,6,5
"459",100,27.9229711141678,2,10,"FS",22.5,19.75,14.5625,1954,185.220362424557,6,5
"460",70,59.5823095823096,4,10,"FS",22.5,19.75,14.5625,1954,91.3533066094468,6,5
"461",96,40.0985221674877,1,10,"FS",22.5,19.75,14.5625,1954,137.798293447616,6,5
"462",98,26.2281659388646,2,10,"AA",22.5,19.75,14.5625,1954,28.3677755063024,6,5
"463",80,71.1629526462395,4,10,"FS",21.3125,19.0625,14.5625,1990,113.348703851495,6,5
"464",97,41.0427310729215,1,10,"FS",22.25,19.75,14.5625,1954,129.474996844237,6,5
"465",100,24.7331109257715,2,10,"AA",22.25,19.75,14.5625,1954,60.5125134995205,6,5
"466",98,42.5849569551427,1,10,"AA",20.9375,18.9375,14.625,1949,62.3014043883141,6,5
"467",98,34.6488372093023,2,10,"FS",20.9375,18.9375,14.625,1949,187.614824677896,6,5
"468",100,27.9229711141678,2,10,"FS",20.9375,18.9375,14.625,1949,207.920854986383,6,5
"469",70,59.5823095823096,4,10,"FS",20.9375,18.9375,14.625,1949,89.9229774494169,6,5
"470",96,40.0985221674877,1,10,"FS",20.25,18.4375,14.625,1986,142.88879507742,6,5
"471",98,26.2281659388646,2,10,"AA",20.75,18.75,14.625,1949,19.4588996234771,6,5
"472",80,71.1629526462395,4,10,"FS",20.75,18.75,14.625,1949,94.9505821085928,6,5
"473",97,41.0427310729215,1,10,"FS",20.75,18.75,14.625,1949,139.551148477651,6,5
"474",100,24.7331109257715,2,10,"AA",20.75,18.75,14.625,1949,65.5693761042132,6,5
"475",100,12.9439558383234,1,1,"AA",22.625,19.375,14.3125,1968,1.14046337734636,6,5
"476",100,29.7127197127197,2,1,"AA",22.625,19.375,14.3125,1968,0.687153538562494,6,5
"477",100,29.2007286683403,4,1,"AA",22.625,19.5,14.375,1967,2.04076400355365,6,5
"478",100,32.6023152886847,1,1,"AA",22.625,19.5,14.375,1967,8.82331188079329,6,5
"479",100,39.0810602524698,2,1,"FS",22.625,19.5,14.375,1967,10.4169104302629,6,5
"480",22.5,33.7854163202963,4,1,"FS",22.625,19.5,14.375,1967,0,6,5
"481",100,12.9439558383234,1,1,"AA",22.5,19.625,14.5,1959,1.66747352571769,6,5
"482",100,29.7127197127197,2,1,"AA",22.5,19.625,14.5,1959,0,6,5
"483",100,29.2007286683403,4,1,"AA",22.5,19.625,14.5,1959,1.87799669498433,6,5
"484",100,37.3348447749073,1,1,"FS",22.5,19.625,14.5,1959,8.0047845416696,6,5
"485",100,39.0810602524698,2,1,"FS",22.5,19.625,14.5,1959,12.7415485067939,6,5
"486",22.5,33.7854163202963,4,1,"FS",22.5,19.625,14.5,1959,0,6,5
"487",100,12.9439558383234,1,1,"AA",21.875,19.5625,14.625,1952,1.62386356671643,6,5
"488",100,29.7127197127197,2,1,"AA",21.875,19.5625,14.625,1952,0,6,5
"489",100,29.2007286683403,4,1,"AA",21.625,19.375,14.625,1951,2.13743738409554,6,5
"490",100,37.3348447749073,1,1,"FS",21.625,19.375,14.625,1951,6.90590449598172,6,5
"491",100,39.0810602524698,2,1,"FS",21.625,19.375,14.625,1951,13.2392342139524,6,5
"492",22.5,33.7854163202963,4,1,"FS",21.625,19.375,14.625,1951,0,6,5
"493",94,45.2475029377203,1,25,"AA",23,19.125,14.75,2668,1.99121764610193,6,4
"494",96,36.402842331069,2,25,"AA",23,19.125,14.75,2668,1.96967097204877,6,4
"495",60,45.1942496493689,4,25,"AA",23,19.125,14.75,2668,0.717076880060159,6,4
"496",100,40.9725433526012,1,25,"FS",22.25,18.875,14.75,2687,0.278284215492338,6,4
"497",100,40.9725433526012,1,25,"FS",22.75,19,14.75,2668,0.378828542236139,6,4
"498",80,38.6645802966647,2,25,"FS",22.75,19,14.75,2668,3.49666414659795,6,4
"499",50,71.5989159891599,4,25,"FS",22.75,19,14.75,2668,1.94008674174899,6,4
"500",94,45.2475029377203,1,25,"AA",22.4375,19,14.875,2663,2.08587734798045,6,4
"501",96,36.402842331069,2,25,"AA",22.4375,19,14.875,2663,1.58503509351549,6,4
"502",60,45.1942496493689,4,25,"AA",22.4375,19,14.875,2663,0.947021888874245,6,4
"503",100,40.9725433526012,1,25,"FS",21.375,18.625,15,2683,0.128891796761794,6,4
"504",80,38.6645802966647,2,25,"FS",22.375,18.9375,14.9375,2662,4.04440952174345,6,4
"505",80,38.6645802966647,2,25,"FS",22.375,18.9375,14.9375,2662,4.6518340461411,6,4
"506",60,45.1942496493689,4,25,"AA",20.875,18.3125,15.0625,2658,0.796288937810512,6,4
"507",100,40.9725433526012,1,25,"FS",20.875,18.3125,15.0625,2658,0,6,4
"508",80,38.6645802966647,2,25,"FS",20.625,18.25,15.0625,2657,3.98702042323355,6,4
"509",50,71.5989159891599,4,25,"FS",20.625,18.25,15.0625,2657,1.96606286561904,6,4
"510",70,61.6538164996145,4,10,"FS",21.6875,18.625,14.75,2667,132.642810295254,6,4
"511",97,43.3333333333333,1,10,"AA",21.6875,18.625,14.75,2667,39.3091502964929,6,4
"512",97,49.6153846153846,4,10,"AA",21.6875,18.625,14.75,2667,60.6872976500785,6,4
"513",98,27.8272884283247,2,10,"FS",22.0625,18.875,14.875,2686,176.874399788349,6,4
"514",92,54.6358792184725,1,10,"AA",22.0625,18.625,14.75,2666,21.3028589129001,6,4
"515",99,29.4372801875733,2,10,"FS",22.0625,18.625,14.75,2666,157.548705596621,6,4
"516",100,37.3674492218412,2,10,"AA",22.0625,18.625,14.75,2666,37.7448895829413,6,4
"517",99,37.9162462159435,1,10,"FS",22.0625,18.625,14.75,2666,157.332140229043,6,4
"518",75,45.5684870188004,4,10,"FS",22.0625,18.625,14.75,2666,83.5026801079374,6,4
"519",92,54.6358792184725,1,10,"AA",22.4375,19,14.875,2663,41.1979040540895,6,4
"520",99,29.4372801875733,2,10,"FS",21.375,18.625,15,2683,168.883467589443,6,4
"521",100,37.3674492218412,2,10,"AA",22.375,18.9375,14.9375,2662,55.4418214974959,6,4
"522",99,37.9162462159435,1,10,"FS",22.375,18.9375,14.9375,2662,161.980699570827,6,4
"523",75,45.5684870188004,4,10,"FS",22.375,18.9375,14.9375,2662,88.7228847165227,6,4
"524",97,37.0866910866911,2,10,"AA",22.375,18.9375,14.9375,2662,46.5988185591593,6,4
"525",70,61.6538164996145,4,10,"FS",21.5,18.625,15.0625,2683,164.115104859418,6,4
"526",97,43.3333333333333,1,10,"AA",22.3125,19,14.9375,2662,43.267320085152,6,4
"527",97,49.6153846153846,4,10,"AA",22.3125,19,14.9375,2662,66.6444072961483,6,4
"528",98,27.8272884283247,2,10,"FS",22.3125,19,14.9375,2662,190.010554550915,6,4
"529",97,37.0866910866911,2,10,"AA",21.125,18.5,15,2658,65.5670268408192,6,4
"530",70,61.6538164996145,4,10,"FS",21.125,18.5,15,2658,163.850895905747,6,4
"531",97,43.3333333333333,1,10,"AA",21.125,18.5,15,2658,30.1080404845702,6,4
"532",97,49.6153846153846,4,10,"AA",20.5,17.9375,15.125,2679,60.63709099293,6,4
"533",98,27.8272884283247,2,10,"FS",20.5,17.9375,15.125,2679,205.53372801018,6,4
"534",92,54.6358792184725,1,10,"AA",21,18.375,15.0625,2658,19.7842190314893,6,4
"535",99,29.4372801875733,2,10,"FS",21,18.375,15.0625,2658,183.248623893403,6,4
"536",100,37.3674492218412,2,10,"AA",21,18.375,15.0625,2658,56.5130488209523,6,4
"537",99,37.9162462159435,1,10,"FS",21,18.375,15.0625,2658,156.121340284108,6,4
"538",75,45.5684870188004,4,10,"FS",21,18.375,15.0625,2658,76.3804568012803,6,4
"539",100,31.282759621892,1,1,"FS",22.375,18.375,14.6875,2669,0.464280223530312,6,4
"540",100,31.9275379156508,2,1,"FS",22.375,18.375,14.6875,2669,0.755676717650708,6,4
"541",40,35.1372935299173,4,1,"FS",22.375,18.375,14.6875,2669,0.690138853820434,6,4
"542",97.5,45.2385797348899,4,1,"AA",22.375,18.375,14.6875,2669,0.963389631035912,6,4
"543",100,30.7214125328983,2,1,"AA",20.6875,17.875,14.875,2650,0,6,4
"544",100,29.008710587658,1,1,"AA",22.875,18.5,14.6875,2669,2.11063819089519,6,4
"545",100,31.282759621892,1,1,"FS",22.5625,18.75,14.875,2665,0.29519474143017,6,4
"546",100,31.9275379156508,2,1,"FS",22.5625,18.75,14.875,2665,0.881370491731396,6,4
"547",40,35.1372935299173,4,1,"FS",20.5,18.9375,15.625,2440,2.06995593244844,6,4
"548",97.5,45.2385797348899,4,1,"AA",22.5,18.8125,14.875,2665,1.29762104909942,6,4
"549",100,30.7214125328983,2,1,"AA",22.5,18.8125,14.875,2665,0,6,4
"550",100,29.008710587658,1,1,"AA",22.5,18.8125,14.875,2665,3.13803610636017,6,4
"551",100,52.2856681105805,1,1,"FS",22,18.875,15,2660,1.98935873319104,6,4
"552",100,31.282759621892,1,1,"FS",22,18.875,15,2660,0.507971252958467,6,4
"553",100,31.9275379156508,2,1,"FS",22,18.875,15,2660,1.20204988292675,6,4
"554",40,35.1372935299173,4,1,"FS",21.75,18.75,15,2660,1.00220291875353,6,4
"555",97.5,45.2385797348899,4,1,"AA",21.75,18.75,15,2660,1.05027886620986,6,4
"556",100,30.7214125328983,2,1,"AA",21.75,18.75,15,2660,0,6,4
"557",100,29.008710587658,1,1,"AA",21.75,18.75,15,2660,3.47990308733489,6,4
"558",100,36.6674707514172,1,25,"AA",22.875,20.75,15.875,2059,4.31165616526629,1,1
"559",98,39.5695669343162,2,25,"AA",22.875,20.75,15.875,2059,5.86315419073898,1,1
"560",86,38.3100895987534,4,25,"AA",22.875,20.75,15.875,2059,5.25535324299744,1,1
"561",98,34.7209778796402,1,25,"FS",22.875,20.75,15.875,2059,2.84477919273294,1,1
"562",94,36.0666049953747,2,25,"FS",23.9375,21.4375,15.875,2026,3.5641368908504,1,1
"563",85,53.3838517788808,4,25,"FS",23,20.9375,15.875,2062,8.53252940361634,1,1
"564",100,36.6674707514172,1,25,"AA",23.25,21.375,16.125,2020,12.7229997249614,1,1
"565",100,36.6674707514172,1,25,"AA",23.25,21.375,16.125,2020,6.2395013278191,1,1
"566",98,39.5695669343162,2,25,"AA",23.9375,21.75,16.125,2039,4.53399959846211,1,1
"567",98,34.7209778796402,1,25,"FS",23.9375,21.75,16.125,2039,2.84728127690962,1,1
"568",94,36.0666049953747,2,25,"FS",23.9375,21.75,16.125,2039,2.74028120264072,1,1
"569",85,53.3838517788808,4,25,"FS",23.875,21.75,16.125,2021,1.87748577089474,1,1
"570",100,36.6674707514172,1,25,"AA",22.625,20.75,16.3125,2034,17.0012652218263,1,1
"571",98,39.5695669343162,2,25,"AA",22.625,20.75,16.3125,2034,15.4702886778359,1,1
"572",86,38.3100895987534,4,25,"AA",22.625,20.75,16.3125,2034,13.2425693448713,1,1
"573",98,34.7209778796402,1,25,"FS",23.125,21.375,16.375,2001,4.47204729592874,1,1
"574",94,36.0666049953747,2,25,"FS",22.5,20.75,16.25,2034,4.23249683203207,1,1
"575",100,27.6917006256098,1,1,"FS",22.875,20.75,15.875,2059,2.17590485415306,1,1
"576",98,15.1790842041298,2,1,"FS",23.9375,21.4375,15.875,2026,6.89455303625236,1,1
"577",100,17.3970219839754,1,1,"AA",23.9375,21.4375,15.875,2026,2.142214347217,1,1
"578",90,10.1781528363807,4,1,"AA",23,20.9375,15.875,2062,0,1,1
"579",61,11.3128976962455,4,1,"FS",23,20.9375,15.875,2062,0.52298569623873,1,1
"580",100,27.6901179341196,2,10,"FS",23,20.9375,15.875,2062,76.4247882485288,1,1
"581",98,38.9447513812155,1,10,"FS",23.875,21.5,15.875,2025,138.157590252158,1,1
"582",100,27.6901179341196,2,10,"FS",23.9375,21.75,16.125,2039,86.5958574775236,1,1
"583",98,38.9447513812155,1,10,"FS",23.9375,21.75,16.125,2039,147.076961784444,1,1
"584",98,15.1790842041298,2,1,"FS",23.9375,21.75,16.125,2039,6.75243207296779,1,1
"585",100,27.6917006256098,1,1,"FS",23.875,21.75,16.125,2021,2.51889921121024,1,1
"586",97.5,12.6808810750224,2,1,"AA",23.5,21.625,16.125,2039,0.287018716655033,1,1
"587",100,17.3970219839754,1,1,"AA",23.5,21.625,16.125,2039,5.18612194735676,1,1
"588",90,10.1781528363807,4,1,"AA",23.5,21.625,16.125,2039,0,1,1
"589",61,11.3128976962455,4,1,"FS",23.5,21.625,16.125,2039,0,1,1
"590",98,38.9447513812155,1,10,"FS",22.625,20.75,16.3125,2034,41.58912197507,1,1
"591",100,27.6901179341196,2,10,"FS",22.625,20.75,16.3125,2034,102.565448873875,1,1
"592",98,15.1790842041298,2,1,"FS",22.625,20.75,16.3125,2034,7.78251577459329,1,1
"593",100,27.6917006256098,1,1,"FS",22.625,20.75,16.3125,2034,3.85844502853834,1,1
"594",97.5,12.6808810750224,2,1,"AA",23.125,21.375,16.375,2001,1.01907775001252,1,1
"595",100,17.3970219839754,1,1,"AA",23.125,21.375,16.375,2001,4.51881385639751,1,1
"596",90,10.1781528363807,4,1,"AA",22.5,20.75,16.25,2034,0,1,1
"597",61,11.3128976962455,4,1,"FS",22.5,20.75,16.25,2034,0,1,1
"598",95,37.4526650755768,1,25,"AA",22.75,18.9375,15.5,2643,1.87252295448154,1,2
"599",95,38.9050921809236,2,25,"AA",22.75,18.9375,15.5,2643,2.34205427484639,1,2
"600",90,48.3640199462984,4,25,"AA",23.5,19.125,15.4375,2636,1.99898618951594,1,2
"601",95,34.4375976026675,1,25,"FS",22.75,19,15.5,2643,4.86636568195672,1,2
"602",99,34.272449927046,2,25,"FS",22.75,19,15.5,2643,3.49792070277627,1,2
"603",60,51.2386280455924,4,25,"FS",22.75,19,15.5,2643,2.48464018001775,1,2
"604",95,37.4526650755768,1,25,"AA",23.0625,19.5,15.75,2644,1.61253883216965,1,2
"605",95,38.9050921809236,2,25,"AA",23.0625,19.5,15.75,2644,1.86731365636429,1,2
"606",90,48.3640199462984,4,25,"AA",23.0625,19.5,15.75,2644,2.1628116458068,1,2
"607",95,34.4375976026675,1,25,"FS",23.1875,19.3125,15.625,2636,5.2159278490984,1,2
"608",99,34.272449927046,2,25,"FS",22.5,19.3125,15.75,2644,2.89970410137095,1,2
"609",60,51.2386280455924,4,25,"FS",22.5,19.3125,15.75,2644,1.81728991245542,1,2
"610",95,37.4526650755768,1,25,"AA",22.0625,19,15.875,2643,1.99312912306135,1,2
"611",95,38.9050921809236,2,25,"AA",22.0625,19,15.875,2643,2.21899327292587,1,2
"612",90,48.3640199462984,4,25,"AA",22.0625,19,15.875,2643,1.7617633562519,1,2
"613",95,34.4375976026675,1,25,"FS",22.0625,19,15.875,2643,5.16074327787148,1,2
"614",99,34.272449927046,2,25,"FS",22.0625,19,15.875,2643,3.32612167229212,1,2
"615",60,51.2386280455924,4,25,"FS",22.0625,19,15.875,2643,2.06257339967983,1,2
"616",100,21.8082334549244,1,10,"AA",22.125,19,15.875,2643,99.8037210911982,1,2
"617",100,39.0904033379694,1,10,"FS",22.75,19,15.5,2643,172.077068144802,1,2
"618",100,21.8082334549244,1,10,"AA",22.75,19,15.5,2643,39.0627790263795,1,2
"619",92,28.6669741697417,4,10,"AA",23.75,19.25,15.5,2636,41.7396585711197,1,2
"620",94,29.6543951915853,2,10,"FS",22.875,19,15.5,2644,330.751230939334,1,2
"621",99,12.8743930650533,2,1,"AA",22.875,19,15.5,2644,0.932192161077324,1,2
"622",100,30.4125113327289,1,1,"FS",22.875,19,15.5,2644,2.85347690098721,1,2
"623",65.5,10.6925582039911,4,1,"FS",22.875,19,15.5,2644,0,1,2
"624",100,24.0003972485312,1,1,"AA",22.875,19,15.5,2644,2.51408899498949,1,2
"625",100,11.427184809589,4,1,"AA",23.75,19.25,15.5,2636,0.489612947121607,1,2
"626",96,22.2860800299732,1,1,"FS",23.75,19.25,15.5,2636,3.25524821347039,1,2
"627",100,21.8082334549244,1,10,"AA",22.5,19.3125,15.75,2644,40.4219216871077,1,2
"628",92,28.6669741697417,4,10,"AA",22.5,19.3125,15.75,2644,49.7961352247012,1,2
"629",94,29.6543951915853,2,10,"FS",22.5,19.3125,15.75,2644,315.154768923451,1,2
"630",100,39.0904033379694,1,10,"FS",22.5,19.3125,15.75,2644,184.543074393696,1,2
"631",78,65.1763457968709,4,10,"FS",22.5,19.3125,15.75,2644,61.4339225881905,1,2
"632",99,12.8743930650533,2,1,"AA",23.0625,19.25,15.6875,2636,0.566191562254929,1,2
"633",100,30.4125113327289,1,1,"FS",22.125,19.125,15.75,2644,3.35804974898133,1,2
"634",65.5,10.6925582039911,4,1,"FS",22.125,19.125,15.75,2644,0,1,2
"635",100,24.0003972485312,1,1,"AA",22.125,19.125,15.75,2644,2.53550189296491,1,2
"636",100,11.427184809589,4,1,"AA",22.125,19.125,15.75,2644,0,1,2
"637",96,22.2860800299732,1,1,"FS",22.125,19.125,15.75,2644,4.6541284703509,1,2
"638",100,24.0003972485312,1,1,"AA",22.0625,19,15.875,2643,3.06854558011012,1,2
"639",100,11.427184809589,4,1,"AA",22.0625,19,15.875,2643,0,1,2
"640",96,22.2860800299732,1,1,"FS",22.0625,19,15.875,2643,4.16322786427344,1,2
"641",99,12.8743930650533,2,1,"AA",22.0625,19,15.875,2643,2.73052165542961,1,2
"642",100,30.4125113327289,1,1,"FS",22.0625,19,15.875,2643,3.73028717031075,1,2
"643",65.5,10.6925582039911,4,1,"FS",22.0625,19,15.875,2643,0.451775386795209,1,2
"644",78,65.1763457968709,4,10,"FS",22.0625,19,15.875,2643,64.8351673185654,1,2
"645",100,39.0904033379694,1,10,"FS",22.125,19,15.875,2643,116.045726353714,1,2
"646",100,21.8082334549244,1,10,"AA",22.125,19,15.875,2643,50.2666965170409,1,2
"647",92,28.6669741697417,4,10,"AA",22.125,19,15.875,2643,50.3391220905318,1,2
"648",94,29.6543951915853,2,10,"FS",22.125,19,15.875,2643,340.111137815336,1,2
"649",100,27.764390896921,1,25,"AA",22.875,19,15.375,2551,1.58858043800216,1,3
"650",96,39.9221760483566,2,25,"AA",23.8125,19.25,15.5,2534,1.18911723787216,1,3
"651",82,46.1132029636827,4,25,"AA",23,19,15.4375,2551,3.98708802103858,1,3
"652",100,40.923922577627,1,25,"FS",23,19,15.4375,2551,1.46895699592933,1,3
"653",90,34.7685458348978,2,25,"FS",23,19,15.4375,2551,7.1134804582455,1,3
"654",80,36.7639401171621,4,25,"FS",23,19,15.4375,2551,4.48475206621474,1,3
"655",100,27.764390896921,1,25,"AA",22.875,19.375,15.625,2550,1.27674324824149,1,3
"656",96,39.9221760483566,2,25,"AA",23,19.3125,15.625,2532,0.878749021995937,1,3
"657",82,46.1132029636827,4,25,"AA",22.5,19.25,15.625,2550,3.61996664418147,1,3
"658",100,40.923922577627,1,25,"FS",22.5,19.25,15.625,2550,1.02591098810598,1,3
"659",90,34.7685458348978,2,25,"FS",23,19.25,15.625,2532,6.11375386648063,1,3
"660",96,39.9221760483566,2,25,"AA",22.6875,19.1875,15.75,2547,0.857570823575,1,3
"661",82,46.1132029636827,4,25,"AA",22.6875,19.1875,15.75,2547,4.52348965472191,1,3
"662",100,40.923922577627,1,25,"FS",22.6875,19.1875,15.75,2547,0.975039368861042,1,3
"663",90,34.7685458348978,2,25,"FS",22.75,19.1875,15.75,2547,6.24165445795754,1,3
"664",80,36.7639401171621,4,25,"FS",22.75,19.1875,15.75,2547,3.54703853343226,1,3
"665",75,55.6732848437193,4,10,"FS",22.875,19,15.375,2551,55.5351223311756,1,3
"666",100,26.0896117564136,1,1,"FS",23,19.125,15.4375,2550,7.37089324872133,1,3
"667",100,13.7698269193658,2,1,"FS",23,19.125,15.4375,2550,2.03343836128477,1,3
"668",100,23.0933093899627,1,1,"AA",23,19.125,15.4375,2550,2.21089090170357,1,3
"669",100,100,2,1,"AA",23,19.125,15.4375,2550,1.04069500819964,1,3
"670",92,55.2062868369352,4,1,"AA",23.875,19.4375,15.5,2534,0,1,3
"671",67.5,11.5356413030412,4,1,"FS",23,19.125,15.5,2550,0,1,3
"672",88,56.2784987723606,4,10,"AA",23,19.125,15.5,2550,45.5853187717579,1,3
"673",100,35.4412591343451,2,10,"FS",23,19.125,15.5,2550,387.805554906743,1,3
"674",98,39.2037087537497,1,10,"FS",23.6875,19.4375,15.5,2534,115.996046755685,1,3
"675",97,65.6649533262436,2,1,"AA",22.25,19.125,15.6875,2549,-9.73449072110486,1,3
"676",92,55.2062868369352,4,1,"AA",22.25,19.125,15.6875,2549,0,1,3
"677",67.5,11.5356413030412,4,1,"FS",22.25,19.125,15.6875,2549,0,1,3
"678",100,26.0896117564136,1,1,"FS",22.25,19.125,15.6875,2549,10.2990517713844,1,3
"679",100,13.7698269193658,2,1,"FS",22.9375,19.25,15.6875,2532,5.07061864332771,1,3
"680",100,23.0933093899627,1,1,"AA",22.375,19.125,15.6875,2549,4.46872082184385,1,3
"681",98,39.2037087537497,1,10,"FS",22.375,19.125,15.6875,2549,151.796888224629,1,3
"682",88,56.2784987723606,4,10,"AA",22.375,19.125,15.6875,2549,50.7078200969378,1,3
"683",100,35.4412591343451,2,10,"FS",22.375,19.125,15.6875,2549,361.055442612613,1,3
"684",98,39.2037087537497,1,10,"FS",22.6875,19.1875,15.75,2547,138.655285018639,1,3
"685",88,56.2784987723606,4,10,"AA",22.75,19.1875,15.75,2547,54.4339534818561,1,3
"686",100,35.4412591343451,2,10,"FS",22.75,19.1875,15.75,2547,415.723080636227,1,3
"687",100,100,2,1,"AA",22.75,19.1875,15.75,2547,1.34616702133164,1,3
"688",92,55.2062868369352,4,1,"AA",22.75,19.1875,15.75,2547,0.904628875099129,1,3
"689",67.5,11.5356413030412,4,1,"FS",22.75,19.1875,15.75,2547,2.06091404091897,1,3
"690",100,26.0896117564136,1,1,"FS",22.75,19.1875,15.75,2547,10.3645236270524,1,3
"691",100,13.7698269193658,2,1,"FS",22.625,19.1875,15.8125,2547,3.77683179268057,1,3
"692",100,23.0933093899627,1,1,"AA",22.625,19.1875,15.8125,2547,3.83384161129623,1,3
"693",94,31.3299066524873,1,25,"AA",25.25,20.8125,15.625,2846,0.685926038782507,1,4
"694",96,37.4818156707485,2,25,"AA",24,20.5,15.625,2870,0.5880190662186,1,4
"695",90,50.8196221815966,4,25,"AA",24,20.5,15.625,2870,0.853576768144428,1,4
"696",88,33.214482320559,1,25,"FS",24,20.5,15.625,2870,0.725949294070356,1,4
"697",77,31.6584473028624,2,25,"FS",24,20.5,15.625,2870,2.26575521135562,1,4
"698",75,70.689224262232,4,25,"FS",24.875,21,15.625,2846,7.80178914644517,1,4
"699",94,31.3299066524873,1,25,"AA",22.25,19.875,15.75,2868,1.12351309777281,1,4
"700",96,37.4818156707485,2,25,"AA",22.25,19.875,15.75,2868,0.413547428442908,1,4
"701",90,50.8196221815966,4,25,"AA",23.125,20.25,15.75,2843,1.01121450786989,1,4
"702",88,33.214482320559,1,25,"FS",22.3125,19.875,15.8125,2868,0.378014107564683,1,4
"703",77,31.6584473028624,2,25,"FS",22.3125,19.875,15.8125,2868,2.16336730178618,1,4
"704",75,70.689224262232,4,25,"FS",23.25,20.25,15.8125,2843,8.19921897195643,1,4
"705",94,31.3299066524873,1,25,"AA",22.5,19.75,15.9375,2864,0.71415544689418,1,4
"706",96,37.4818156707485,2,25,"AA",22.5,19.75,15.9375,2864,0.247050457903953,1,4
"707",90,50.8196221815966,4,25,"AA",22.4375,19.75,16,2861,1.1213095961395,1,4
"708",88,33.214482320559,1,25,"FS",22.4375,19.75,16,2861,0.719275053696253,1,4
"709",77,31.6584473028624,2,25,"FS",22.4375,19.75,16,2861,2.2371116378673,1,4
"710",75,70.689224262232,4,25,"FS",22.4375,19.75,16,2861,8.79785410066293,1,4
"711",100,23.4360788276907,2,10,"FS",23.375,20.375,15.625,2870,78.5165514736863,1,4
"712",92,34.1668786568303,1,10,"FS",23.375,20.375,15.625,2870,56.273565467498,1,4
"713",99,33.836345773956,1,1,"AA",23.5625,20.375,15.625,2870,3.86049731750303,1,4
"714",96,31.8851628427957,2,1,"AA",23.5625,20.375,15.625,2870,1.2473172150031,1,4
"715",11,NA,4,1,"FS",23.5625,20.375,15.625,2870,0.300117379557791,1,4
"716",99,32.7191811303961,4,1,"AA",23.5625,20.375,15.625,2870,0.954217985009647,1,4
"717",99,31.2830508907151,1,1,"FS",23.5625,20.375,15.625,2870,2.16343587552793,1,4
"718",100,23.4360788276907,2,10,"FS",23,20.125,15.875,2867,78.9875043543568,1,4
"719",92,34.1668786568303,1,10,"FS",23,20.125,15.875,2867,51.9767014560717,1,4
"720",99,33.836345773956,1,1,"AA",23,20.125,15.875,2867,3.6391918236291,1,4
"721",96,31.8851628427957,2,1,"AA",23.125,20.25,15.8125,2842,0.734655244802648,1,4
"722",11,NA,4,1,"FS",23.125,20.25,15.8125,2842,0,1,4
"723",99,32.7191811303961,4,1,"AA",22.9375,20.125,15.875,2867,1.56870544013287,1,4
"724",99,31.2830508907151,1,1,"FS",22.9375,20.125,15.875,2867,0.444013926244708,1,4
"725",97.5,35.6864547703706,2,1,"FS",22.9375,20.125,15.875,2867,10.0916436674361,1,4
"726",97.5,35.6864547703706,2,1,"FS",22.4375,19.75,16,2861,10.272162886847,1,4
"727",99,31.2830508907151,1,1,"FS",22.4375,19.75,16,2861,0,1,4
"728",97.5,35.6864547703706,2,1,"FS",21.3125,19.5,16,2861,9.41173964859408,1,4
"729",99,33.836345773956,1,1,"AA",21.3125,19.5,16,2861,1.36335954755259,1,4
"730",96,31.8851628427957,2,1,"AA",21.3125,19.5,16,2861,0,1,4
"731",11,NA,4,1,"FS",21.3125,19.5,16,2861,0,1,4
"732",92,34.1668786568303,1,10,"FS",21.3125,19.5,16,2861,83.6839685471446,1,4
"733",100,23.4360788276907,2,10,"FS",19.5,18.75,16,2860,90.1523253761974,1,4
"734",100,39.5328801770471,2,25,"AA",23.875,23,16.5,1441,1.9630779855097,1,5
"735",90,50.4140304140304,4,25,"AA",23.875,23,16.5,1441,2.88205984811691,1,5
"736",100,39.5007920126722,1,25,"FS",24.3125,23.5625,16.375,1394,0.903394152846113,1,5
"737",100,36.6148316011565,2,25,"FS",23.5,22.875,16.5625,1440,3.35131581923128,1,5
"738",40,72.2017036622521,4,25,"FS",23.5,22.875,16.5625,1440,2.32262184362601,1,5
"739",100,33.6522850270595,1,25,"AA",23.25,22.25,16.8125,1434,1.13280615364107,1,5
"740",100,33.6522850270595,1,25,"AA",21.875,21.375,16.625,1430,0.741096988030522,1,5
"741",100,39.5328801770471,2,25,"AA",21.875,21.375,16.625,1430,1.9239851702342,1,5
"742",90,50.4140304140304,4,25,"AA",21.875,21.375,16.625,1430,2.73858180122909,1,5
"743",100,39.5007920126722,1,25,"FS",21.875,21.375,16.625,1430,0.801727434298455,1,5
"744",100,36.6148316011565,2,25,"FS",20.25,20.375,16.625,1427,3.23478282198106,1,5
"745",40,72.2017036622521,4,25,"FS",20.25,20.375,16.625,1427,3.10557069314056,1,5
"746",99.5,NA,2,1,"AA",24.125,23.125,16.625,1440,0,1,5
"747",99.5,NA,2,1,"FS",24.125,23.125,16.625,1440,3.59377586996285,1,5
"748",99.5,NA,1,1,"FS",24.125,23.125,16.625,1440,4.34446042816829,1,5
"749",39.5,NA,4,1,"FS",23.5625,23.0625,16.5,1397,0,1,5
"750",98,32.1947992159156,1,1,"AA",24.25,23.3125,16.6875,1440,1.14174061122344,1,5
"751",99.5,NA,4,1,"AA",24.25,23.3125,16.6875,1440,1.79756354344825,1,5
"752",85,46.7827715355805,4,10,"AA",24.25,23.3125,16.6875,1440,85.0316612378038,1,5
"753",100,26.8380743982494,2,10,"FS",24.25,23.3125,16.6875,1440,235.766616903208,1,5
"754",100,33.2667731629393,1,10,"FS",23.25,22.75,16.5,1396,302.209225683316,1,5
"755",90,57.9015201586253,4,10,"FS",23.25,22.75,16.5,1396,335.53768433337,1,5
"756",99.5,NA,1,1,"FS",23.125,22.25,16.8125,1434,5.52222876960068,1,5
"757",99.5,NA,2,1,"AA",23.5,22.625,16.6875,1399,0.570982834758569,1,5
"758",99.5,NA,2,1,"FS",23,22.1875,16.8125,1434,3.75037799216883,1,5
"759",39.5,NA,4,1,"FS",23,22.1875,16.8125,1434,0,1,5
"760",98,32.1947992159156,1,1,"AA",23,22.1875,16.8125,1434,2.42472444199777,1,5
"761",99.5,NA,4,1,"AA",23,22.1875,16.8125,1434,3.06551444162359,1,5
"762",85,46.7827715355805,4,10,"AA",23,22.1875,16.8125,1434,98.4736223718614,1,5
"763",100,26.8380743982494,2,10,"FS",22.75,22,16.75,1433,304.898240270244,1,5
"764",100,33.2667731629393,1,10,"FS",22.75,22,16.75,1433,187.878995346604,1,5
"765",90,57.9015201586253,4,10,"FS",22.75,22,16.75,1433,347.939010971422,1,5
"766",90,57.9015201586253,4,10,"FS",20.25,20.375,16.625,1427,340.848908490975,1,5
"767",100,33.2667731629393,1,10,"FS",20.25,20.375,16.625,1427,313.991627256196,1,5
"768",85,46.7827715355805,4,10,"AA",20.25,20.375,16.625,1427,113.247677128153,1,5
"769",100,26.8380743982494,2,10,"FS",20.25,20.375,16.625,1427,300.576965865138,1,5
"770",99.5,NA,2,1,"AA",20.375,20.125,16.625,1427,0,1,5
"771",99.5,NA,1,1,"FS",20.375,20.125,16.625,1427,5.20960356009606,1,5
"772",50.5,NA,4,1,"FS",20.375,20.125,16.625,1427,2.82529910403921,1,5
"773",99.5,NA,4,1,"AA",20.375,20.125,16.625,1427,2.23587672145974,1,5
"774",98,32.1947992159156,1,1,"AA",21.3125,20.5,16.5625,1427,1.57832128890419,1,5
"775",39.5,NA,4,1,"FS",21.3125,20.5,16.5625,1427,0,1,5
