"sample_code_combined","Q10","sample_code","Code","Class","Species","DiamClass"
"0+1",2.32885675867256,1,"25-P1S1C1AA","1","AA",25
"0+109",Inf,109,"25-P1S4C1AA","1","AA",25
"0+11",2.44543705962347,11,"10-P1S1C2FS","2","FS",10
"0+110",0.910108807669424,110,"25-P1S4C2AA","2","AA",25
"0+111",0.801249543332296,111,"25-P1S4C4AA","4","AA",25
"0+112",Inf,112,"25-P1S4C1FS","1","FS",25
"0+113",Inf,113,"25-P1S4C2FS","2","FS",25
"0+114",Inf,114,"25-P1S4C4FS","4","FS",25
"0+115",0.805635929770456,115,"10-P1S4C1AA","1","AA",10
"0+116",1.91895859156082,116,"10-P1S4C2AA","2","AA",10
"0+117",1.723127180319,117,"10-P1S4C4AA","4","AA",10
"0+118",2.10521419796353,118,"10-P1S4C1FS","1","FS",10
"0+119",2.2659825783107,119,"10-P1S4C2FS","2","FS",10
"0+12",1.32173800202093,12,"10-P1S1C4FS","4","FS",10
"0+120",7.42010469803709,120,"10-P1S4C4FS","4","FS",10
"0+121",1.59917124862385,121,"25-P1S5C1AA","1","AA",25
"0+122",NA,122,"25-P1S5C2AA","2","AA",25
"0+123",Inf,123,"25-P1S5C4AA","4","AA",25
"0+124",1.14830066658544,124,"25-P1S5C1FS","1","FS",25
"0+125",Inf,125,"25-P1S5C2FS","2","FS",25
"0+126",Inf,126,"25-P1S5C4FS","4","FS",25
"0+127",1.64963637789209,127,"10-P1S5C1AA","1","AA",10
"0+128",198.725400788346,128,"10-P1S5C2AA","2","AA",10
"0+129",3.83306013784675,129,"10-P1S5C4AA","4","AA",10
"0+130",3.18055398934201,130,"10-P1S5C1FS","1","FS",10
"0+131",3.63179458867106,131,"10-P1S5C2FS","2","FS",10
"0+132",3.64453559882374,132,"10-P1S5C4FS","4","FS",10
"0+133",3.19670157471761,133,"10-P1S1C1FS","1","FS",10
"0+134",2.23371437684208,134,"25-P3S1C1AA","1","AA",25
"0+135",1.253341446288,135,"25-P3S1C2AA","2","AA",25
"0+136",1.4717317769659,136,"25-P3S1C4AA","4","AA",25
"0+137",1.00163546524164,137,"25-P3S1C1FS","1","FS",25
"0+138",1.39106663721794,138,"25-P3S1C2FS","2","FS",25
"0+139",1.95064487378454,139,"25-P3S1C4FS","4","FS",25
"0+140",0,140,"10-P3S1C1AA","1","AA",10
"0+141",2.97353485849246,141,"10-P3S1C2AA","2","AA",10
"0+142",3.85633609256472,142,"10-P3S1C4AA","4","AA",10
"0+143",2.91026159606136,143,"10-P3S1C1FS","1","FS",10
"0+144",2.7577159949931,144,"10-P3S1C2FS","2","FS",10
"0+145",1.87014610211169,145,"10-P3S1C4FS","4","FS",10
"0+146",0.738616922208821,146,"25-P3S2C1AA","1","AA",25
"0+147",1.02958704458477,147,"25-P3S2C2AA","2","AA",25
"0+148",1.08544105999219,148,"25-P3S2C4AA","4","AA",25
"0+149",0.664649627454283,149,"25-P3S2C1FS","1","FS",25
"0+150",2.00790801140121,150,"25-P3S2C2FS","2","FS",25
"0+151",Inf,151,"25-P3S2C4FS","4","FS",25
"0+152",3.22237937602135,152,"10-P3S2C1AA","1","AA",10
"0+153",0.882988690288223,153,"10-P3S2C2AA","2","AA",10
"0+154",2.35785707094919,154,"10-P3S2C4AA","4","AA",10
"0+155",5.11808597737892,155,"10-P3S2C1FS","1","FS",10
"0+156",2.72600685611084,156,"10-P3S2C2FS","2","FS",10
"0+157",2.5131345976308,157,"10-P3S2C4FS","4","FS",10
"0+158",1.21183579169543,158,"25-P3S3C1AA","1","AA",25
"0+159",2.75004240397437,159,"25-P3S3C2AA","2","AA",25
"0+160",1.63886732355955,160,"25-P3S3C4AA","4","AA",25
"0+161",Inf,161,"25-P3S3C1FS","1","FS",25
"0+162",Inf,162,"25-P3S3C2FS","2","FS",25
"0+163",1.23863654591473,163,"25-P3S3C4FS","4","FS",25
"0+164",1.08218471458592,164,"10-P3S3C1AA","1","AA",10
"0+165",1.61801579992321,165,"10-P3S3C2AA","2","AA",10
"0+166",1,166,"10-P3S3C4AA","4","AA",10
"0+167",2.17248931690658,167,"10-P3S3C1FS","1","FS",10
"0+168",2.69488686804248,168,"10-P3S3C2FS","2","FS",10
"0+169",3.82553600278654,169,"10-P3S3C4FS","4","FS",10
"0+170",0.595181543076504,170,"25-P3S4C1AA","1","AA",25
"0+171",Inf,171,"25-P3S4C2AA","2","AA",25
"0+172",0.987766854454572,172,"25-P3S4C4AA","4","AA",25
"0+173",0.827705171411897,173,"25-P3S4C1FS","1","FS",25
"0+174",0.968601468501067,174,"25-P3S4C2FS","2","FS",25
"0+175",0.74163190194976,175,"25-P3S4C4FS","4","FS",25
"0+176",Inf,176,"10-P3S4C1AA","1","AA",10
"0+177",Inf,177,"10-P3S4C2AA","2","AA",10
"0+178",2.62816120339735,178,"10-P3S4C4AA","4","AA",10
"0+179",1.60533741872988,179,"10-P3S4C1FS","1","FS",10
"0+180",Inf,180,"10-P3S4C2FS","2","FS",10
"0+181",5.47620695875561,181,"10-P3S4C4FS","4","FS",10
"0+182",0.682936996297572,182,"25-P3S5C1AA","1","AA",25
"0+183",1.40452458857694,183,"25-P3S5C2AA","2","AA",25
"0+184",1.13414610427517,184,"25-P3S5C4AA","4","AA",25
"0+185",0.521340255109237,185,"25-P3S5C1FS","1","FS",25
"0+186",Inf,186,"25-P3S5C2FS","2","FS",25
"0+187",1.08017226312822,187,"25-P3S5C4FS","4","FS",25
"0+188",1.10581232645617,188,"10-P3S5C1AA","1","AA",10
"0+189",29.9427306155617,189,"10-P3S5C2AA","2","AA",10
"0+191",1.62036165346255,191,"10-P3S5C1FS","1","FS",10
"0+192",1.16684489319475,192,"10-P3S5C2FS","2","FS",10
"0+193",Inf,193,"10-P3S5C4FS","4","FS",10
"0+2",Inf,2,"25-P1S1C2AA","2","AA",25
"0+3",5.74219004425142,3,"25-P1S1C4AA","4","AA",25
"0+324",Inf,324,"25-P6S1C1AA","1","AA",25
"0+325",1.14208610400004,325,"25-P6S1C2AA","2","AA",25
"0+326",4.01570144395924,326,"25-P6S1C4AA","4","AA",25
"0+327",1.11182029921521,327,"25-P6S1C1FS","1","FS",25
"0+328",Inf,328,"25-P6S1C2FS","2","FS",25
"0+329",Inf,329,"25-P6S1C4FS","4","FS",25
"0+330",1.76320365872804,330,"10-P6S1C1AA","1","AA",10
"0+331",2.57243794942702,331,"10-P6S1C1AA-b","1","AA",10
"0+332",1.55954062228506,332,"10-P6S1C2AA","2","AA",10
"0+333",0,333,"10-P6S1C2AA-b","2","AA",10
"0+334",Inf,334,"10-P6S1C4AA","4","AA",10
"0+336",2.29735549605955,336,"10-P6S1C1FS","1","FS",10
"0+337",1.96318432230791,337,"10-P6S1C1FS-b","1","FS",10
"0+338",2.73313566671756,338,"10-P6S1C2FS","2","FS",10
"0+339",5.35931788043237,339,"10-P6S1C2FS-b","2","FS",10
"0+340",1.97080123641419,340,"10-P6S1C4FS","4","FS",10
"0+341",3.27241716256259,341,"10-P6S1C4FS-b","4","FS",10
"0+342",Inf,342,"25-P6S2C1AA","1","AA",25
"0+343",1.17049466814557,343,"25-P6S2C2AA","2","AA",25
"0+344",3.69552660652049,344,"25-P6S2C4AA","4","AA",25
"0+345",Inf,345,"25-P6S2C1FS","1","FS",25
"0+346",Inf,346,"25-P6S2C2FS","2","FS",25
"0+347",Inf,347,"25-P6S2C4FS","4","FS",25
"0+348",2.37604232978307,348,"10-P6S2C1AA","1","AA",10
"0+349",2.65809593873819,349,"10-P6S2C1AA-b","1","AA",10
"0+350",1.63101255245605,350,"10-P6S2C2AA","2","AA",10
"0+351",3.69196263114575,351,"10-P6S2C2AA-b","2","AA",10
"0+352",2.70340304749988,352,"10-P6S2C4AA","4","AA",10
"0+353",3.74404452366577,353,"10-P6S2C4AA-b","4","AA",10
"0+354",2.6202916648933,354,"10-P6S2C1FS","1","FS",10
"0+355",4.14730825621622,355,"10-P6S2C1FS-b","1","FS",10
"0+356",3.47158221271767,356,"10-P6S2C2FS","2","FS",10
"0+357",3.40756597259635,357,"10-P6S2C2FS-b","2","FS",10
"0+358",4.98234292632599,358,"10-P6S2C4FS","4","FS",10
"0+359",3.44678304292678,359,"10-P6S2C4FS-b","4","FS",10
"0+360",2.20703499765449,360,"25-P6S3C1AA","1","AA",25
"0+361",0.916944822647921,361,"25-P6S3C2AA","2","AA",25
"0+362",1.90819996196336,362,"25-P6S3C4AA","4","AA",25
"0+363",Inf,363,"25-P6S3C1FS","1","FS",25
"0+364",Inf,364,"25-P6S3C2FS","2","FS",25
"0+365",1.33912010199922,365,"25-P6S3C4FS","4","FS",25
"0+366",1.91928641957701,366,"10-P6S3C1AA","1","AA",10
"0+367",2.17552509618956,367,"10-P6S3C1AA-b","1","AA",10
"0+368",3.04836539774671,368,"10-P6S3C2AA","2","AA",10
"0+369",2.84182903504027,369,"10-P6S3C2AA-b","2","AA",10
"0+37",1.22467513785306,37,"25-P1S2C1AA","1","AA",25
"0+370",2.40073642957169,370,"10-P6S3C4AA","4","AA",10
"0+371",2.31959678429387,371,"10-P6S3C4AA-b","4","AA",10
"0+372",4.81155498666163,372,"10-P6S3C1FS","1","FS",10
"0+373",3.07028363789113,373,"10-P6S3C1FS-b","1","FS",10
"0+374",3.49917466008974,374,"10-P6S3C2FS","2","FS",10
"0+375",3.69203327602081,375,"10-P6S3C2FS-b","2","FS",10
"0+376",3.01062892217805,376,"10-P6S3C4FS","4","FS",10
"0+377",2.67184430604272,377,"10-P6S3C4FS-b","4","FS",10
"0+378",4.49799518155349,378,"25-P6S4C1AA","1","AA",25
"0+379",Inf,379,"25-P6S4C2AA","2","AA",25
"0+38",0.883900228140034,38,"25-P1S2C2AA","2","AA",25
"0+380",1.14072169330324,380,"25-P6S4C4AA","4","AA",25
"0+381",0.836229441021641,381,"25-P6S4C1FS","1","FS",25
"0+382",Inf,382,"25-P6S4C2FS","2","FS",25
"0+383",2.61116436777821,383,"25-P6S4C4FS","4","FS",25
"0+384",1.57554620823744,384,"10-P6S4C1AA","1","AA",10
"0+385",2.24518755531473,385,"10-P6S4C1AA-b","1","AA",10
"0+386",3.21488234445734,386,"10-P6S4C2AA","2","AA",10
"0+387",2.53528470589942,387,"10-P6S4C2AA-b","2","AA",10
"0+388",0.796727024311008,388,"10-P6S4C4AA","4","AA",10
"0+389",3.11054470731147,389,"10-P6S4C4AA-b","4","AA",10
"0+39",3.34430056839132,39,"25-P1S2C4AA","4","AA",25
"0+390",3.60406781789291,390,"10-P6S4C1FS","1","FS",10
"0+391",2.90326231950326,391,"10-P6S4C1FS-b","1","FS",10
"0+392",3.12025574932073,392,"10-P6S4C2FS","2","FS",10
"0+393",4.23256383497023,393,"10-P6S4C2FS-b","2","FS",10
"0+394",3.43697458608677,394,"10-P6S4C4FS","4","FS",10
"0+395",2.9164335254682,395,"10-P6S4C4FS-b","4","FS",10
"0+396",2.37242768455562,396,"25-P6S5C1AA","1","AA",25
"0+397",1.21837998043954,397,"25-P6S5C2AA","2","AA",25
"0+398",Inf,398,"25-P6S5C4AA","4","AA",25
"0+399",Inf,399,"25-P6S5C1FS","1","FS",25
"0+4",3.22535632721505,4,"25-P1S1C1FS","1","FS",25
"0+40",1.62621722345434,40,"25-P1S2C1FS","1","FS",25
"0+400",Inf,400,"25-P6S5C2FS","2","FS",25
"0+401",1.91197815458206,401,"25-P6S5C4FS","4","FS",25
"0+402",4.28549033626245,402,"10-P6S5C1AA","1","AA",10
"0+403",1.54005540930359,403,"10-P6S5C1AA-b","1","AA",10
"0+404",2.08679221279414,404,"10-P6S5C2AA","2","AA",10
"0+405",2.9813797752461,405,"10-P6S5C2AA-b","2","AA",10
"0+406",2.83358529399443,406,"10-P6S5C4AA","4","AA",10
"0+407",4.536205502162,407,"10-P6S5C4AA-b","4","AA",10
"0+408",3.40621416602694,408,"10-P6S5C1FS","1","FS",10
"0+409",3.06585964417075,409,"10-P6S5C1FS-b","1","FS",10
"0+41",Inf,41,"25-P1S2C2FS","2","FS",25
"0+410",4.22647013608346,410,"10-P6S5C2FS","2","FS",10
"0+411",4.61437006528056,411,"10-P6S5C2FS-b","2","FS",10
"0+412",Inf,412,"10-P6S5C4FS","4","FS",10
"0+413",Inf,413,"10-P6S5C4FS-b","4","FS",10
"0+42",Inf,42,"25-P1S2C4FS","4","FS",25
"0+43",1.90516088244557,43,"10-P1S2C1AA","1","AA",10
"0+44",2.41221911650192,44,"10-P1S2C2AA","2","AA",10
"0+45",2.13791611276718,45,"10-P1S2C4AA","4","AA",10
"0+46",3.76953331143765,46,"10-P1S2C1FS","1","FS",10
"0+47",3.90869723911918,47,"10-P1S2C2FS","2","FS",10
"0+48",3.21335825494525,48,"10-P1S2C4FS","4","FS",10
"0+5",Inf,5,"25-P1S1C2FS","2","FS",25
"0+552",1,552,"01-P6S5C1FS-S","1","FS",1
"0+6",4.6678421589221,6,"25-P1S1C4FS","4","FS",25
"0+7",3.14821868716271,7,"10-P1S1C1AA","1","AA",10
"0+73",Inf,73,"25-P1S3C1AA","1","AA",25
"0+74",1.61522659077501,74,"25-P1S3C2AA","2","AA",25
"0+75",1.80415769694877,75,"25-P1S3C4AA","4","AA",25
"0+76",1.21626201263321,76,"25-P1S3C1FS","1","FS",25
"0+77",7.67398672087637,77,"25-P1S3C2FS","2","FS",25
"0+78",2.25240202681765,78,"25-P1S3C4FS","4","FS",25
"0+79",1.33754116870146,79,"10-P1S3C1AA","1","AA",10
"0+8",2.20789995282222,8,"10-P1S1C2AA","2","AA",10
"0+80",1.73293180444737,80,"10-P1S3C2AA","2","AA",10
"0+81",2.38250788138945,81,"10-P1S3C4AA","4","AA",10
"0+82",3.82613977516179,82,"10-P1S3C1FS","1","FS",10
"0+83",Inf,83,"10-P1S3C2FS","2","FS",10
"0+84",2.2212747650663,84,"10-P1S3C4FS","4","FS",10
"0+9",2.05821441563264,9,"10-P1S1C4AA","4","AA",10
"101+102",1.20702404581238,101,"01-P1S3C2AA-S","2","AA",1
"101+102",1.20702404581238,102,"01-P1S3C2AA-F","2","AA",1
"102+109",1,102,"01-P1S3C2AA-F","2","AA",1
"105+106",NA,105,"01-P1S3C4AA-S","4","AA",1
"105+106",NA,106,"01-P1S3C4AA-F","4","AA",1
"13+14",1.96540860881065,14,"01-P1S1C1AA-F","1","AA",1
"13+14",1.96540860881065,13,"01-P1S1C1AA-S","1","AA",1
"17+18",Inf,17,"01-P1S1C2AA-S","2","AA",1
"177+178",1,178,"10-P3S4C4AA","4","AA",10
"194+195",1.89805741810027,194,"01-P3S2C1AA-S","1","AA",1
"194+195",1.89805741810027,195,"01-P3S2C1AA-F","1","AA",1
"197+198",0.0783035751399866,197,"01-P3S2C1AA-Sp","1","AA",1
"197+198",0.0783035751399866,198,"01-P3S2C2AA-S","2","AA",1
"198+199",2.3698567047012,199,"01-P3S2C2AA-F","2","AA",1
"198+199",2.3698567047012,198,"01-P3S2C2AA-S","2","AA",1
"200+201",1.49681702013188,200,"01-P1S4C1AA-S","1","AA",1
"200+201",1.49681702013188,201,"01-P1S4C1AA-F","1","AA",1
"201+202",2.05023128326394,201,"01-P1S4C1AA-F","1","AA",1
"204+205",1.10403076102819,204,"01-P1S5C1AA-S","1","AA",1
"204+205",1.10403076102819,205,"01-P1S5C1AA-F","1","AA",1
"208+229",Inf,208,"01-P3S1C1AA-S","1","AA",1
"208+229",Inf,229,"01-P3S1C1AA-F","1","AA",1
"209+564",0.905365233556959,209,"01-P1S4C2AA-S","2","AA",1
"21+22",2.26408475308934,21,"01-P1S1C1FS-S","1","FS",1
"210+571",0.691221969609248,210,"01-P1S4C1FS-S","1","FS",1
"210+571",0.691221969609248,571,"01-P1S4C1FS-F","1","FS",1
"212+213",0.985705217222787,212,"01-P3S2C2AA-Sp","2","AA",1
"213+214",NA,213,"01-P3S2C4AA-S","4","AA",1
"215+216",1,215,"01-P3S2C4AA-W","4","AA",1
"217+221",Inf,217,"01-P3S2C1FS-S","1","FS",1
"217+221",Inf,221,"01-P3S2C2FS-S","2","FS",1
"218+219",0.617383863238005,219,"01-P3S2C1FS-W","1","FS",1
"218+219",0.617383863238005,218,"01-P3S2C1FS-F","1","FS",1
"225+226",Inf,225,"01-P3S2C4FS-F","4","FS",1
"225+226",Inf,226,"01-P3S2C4FS-S","4","FS",1
"228+229",1,228,"01-P3S2C4FS-Sp","4","FS",1
"229+330",1,330,"10-P6S1C1AA","1","AA",10
"232+233",Inf,232,"01-P3S1C2AA-S","2","AA",1
"232+233",Inf,233,"01-P3S1C2AA-F","2","AA",1
"236+238",NA,236,"01-P3S1C4AA-S","4","AA",1
"238+239",0,238,"01-P3S1C4AA-W","4","AA",1
"238+299",1,238,"01-P3S1C4AA-W","4","AA",1
"240+241",2.22044601935165,240,"01-P3S1C1FS-S","1","FS",1
"240+241",2.22044601935165,241,"01-P3S1C1FS-F","1","FS",1
"246+247",NA,246,"01-P3S1C2FS-W","2","FS",1
"246+247",NA,247,"01-P3S1C2FS-Sp","2","FS",1
"248+249",0,248,"01-P3S1C4FS-S","4","FS",1
"25+26",2.64749953411803,25,"01-P1S1C2FS-S","2","FS",1
"25+26",2.64749953411803,26,"01-P1S1C2FS-F","2","FS",1
"250+251",1,251,"01-P3S1C4FS-Sp","4","FS",1
"252+253",3.35462566392613,252,"01-P3S3C1AA-S","1","AA",1
"253+254",1,253,"01-P3S3C1AA-F","1","AA",1
"253+255",2.70778190828137e-07,253,"01-P3S3C1AA-F","1","AA",1
"256+258",1,256,"01-P3S3C2AA-S","2","AA",1
"257+258",1.17340379081878,257,"01-P3S3C2AA-F","2","AA",1
"260+261",0,260,"01-P3S3C4AA-S","4","AA",1
"260+261",0,261,"01-P3S3C4AA-F","4","AA",1
"264+265",2.18782393691377,264,"01-P3S3C1FS-S","1","FS",1
"264+265",2.18782393691377,265,"01-P3S3C1FS-F","1","FS",1
"264+267",1,264,"01-P3S3C1FS-S","1","FS",1
"265+267",1,265,"01-P3S3C1FS-F","1","FS",1
"268+269",2.8266467966839,268,"01-P3S3C2FS-S","2","FS",1
"269+271",1,271,"01-P3S3C2FS-Sp","2","FS",1
"272+273",0,272,"01-P3S3C4FS-S","4","FS",1
"276+278",1.81303958847708,276,"01-P3S4C1AA-S","1","AA",1
"280+281",1.20462137591159,280,"01-P3S4C2AA-S","2","AA",1
"280+281",1.20462137591159,281,"01-P3S4C2AA-F","2","AA",1
"284+285",0.667458943079216,284,"01-P3S4C4AA-S","4","AA",1
"284+285",0.667458943079216,285,"01-P3S4C4AA-F","4","AA",1
"284+286",1,284,"01-P3S4C4AA-S","4","AA",1
"288+289",1.3383036349269,288,"01-P3S4C1FS-S","1","FS",1
"288+289",1.3383036349269,289,"01-P3S4C1FS-F","1","FS",1
"29+30",1.14570336225127,29,"01-P1S1C4FS-S","4","FS",1
"29+30",1.14570336225127,30,"01-P1S1C4FS-F","4","FS",1
"292+293",16.5488003254354,292,"01-P3S4C2FS-S","2","FS",1
"292+294",1,292,"01-P3S4C2FS-S","2","FS",1
"293+295",0.300598778125009,293,"01-P3S4C2FS-F","2","FS",1
"296+297",1.18264671149256,296,"01-P3S4C4FS-S","4","FS",1
"296+297",1.18264671149256,297,"01-P3S4C4FS-F","4","FS",1
"300+301",0.77317746062397,300,"01-P3S5C1AA-S","1","AA",1
"305+306",0,305,"01-P3S5C2AA-F","2","AA",1
"305+306",0,306,"01-P3S5C2AA-W","2","AA",1
"308+309",0.695260100840947,308,"01-P3S5C4AA-S","4","AA",1
"312+313",1.10572811650102,313,"01-P3S5C1FS-F","1","FS",1
"312+313",1.10572811650102,312,"01-P3S5C1FS-S","1","FS",1
"316+317",4.11859356021334,316,"01-P3S5C2FS-S","2","FS",1
"318+319",1,319,"01-P3S5C2FS-Sp","2","FS",1
"320+321",0.750543908004391,320,"01-P3S5C4FS-S","4","FS",1
"320+321",0.750543908004391,321,"01-P3S5C4FS-F","4","FS",1
"33+34",0,34,"01-P1S1C4AA-F","4","AA",1
"33+34",0,33,"01-P1S1C4AA-S","4","AA",1
"444+445",1.63274183237278,444,"01-P6S1C1AA-S","1","AA",1
"444+445",1.63274183237278,445,"01-P6S1C1AA-F","1","AA",1
"445+452",0,445,"01-P6S1C1AA-F","1","AA",1
"449+450",1.47998998725226,449,"01-P6S1C2AA-F","2","AA",1
"449+450",1.47998998725226,450,"01-P6S1C2AA-W","2","AA",1
"452+453",0,452,"01-P6S1C4AA-S","4","AA",1
"452+453",0,453,"01-P6S1C4AA-F","4","AA",1
"452+455",0.476551419674345,452,"01-P6S1C4AA-S","4","AA",1
"454+455",31.0219079121919,455,"01-P6S1C4AA-Sp","4","AA",1
"455+456",1,455,"01-P6S1C4AA-Sp","4","AA",1
"456+457",3.12235286990073,457,"01-P6S1C2FS-F","2","FS",1
"456+457",3.12235286990073,456,"01-P6S1C2FS-S","2","FS",1
"457+459",0,459,"01-P6S1C2FS-Sp","2","FS",1
"457+459",0,457,"01-P6S1C2FS-F","2","FS",1
"461+462",0.62480172988536,461,"01-P6S1C4FS-F","4","FS",1
"461+462",0.62480172988536,462,"01-P6S1C4FS-W","4","FS",1
"464+465",0.000959607898652255,464,"01-P6S2C1AA-S","1","AA",1
"464+467",Inf,467,"01-P6S2C1AA-Sp","1","AA",1
"464+467",Inf,464,"01-P6S2C1AA-S","1","AA",1
"466+467",1.16597974128707,466,"01-P6S2C1AA-W","1","AA",1
"468+469",1.71346487356964,468,"01-P6S2C2AA-S","2","AA",1
"468+469",1.71346487356964,469,"01-P6S2C2AA-F","2","AA",1
"469+470",1.02719194559684,469,"01-P6S2C2AA-F","2","AA",1
"472+473",NA,472,"01-P6S2C4AA-S","4","AA",1
"474+475",0.895199532378387,475,"01-P6S2C4AA-Sp","4","AA",1
"474+475",0.895199532378387,474,"01-P6S2C4AA-W","4","AA",1
"475+478",0.000100584380540089,478,"01-P6S1C1FS-S","1","FS",1
"475+478",0.000100584380540089,475,"01-P6S2C4AA-Sp","4","AA",1
"476+477",0.967802486327849,476,"01-P6S2C1FS-S","1","FS",1
"476+477",0.967802486327849,477,"01-P6S2C1FS-F","1","FS",1
"478+479",0.49310225703866,479,"01-P6S1C1FS-F","1","FS",1
"478+479",0.49310225703866,478,"01-P6S1C1FS-S","1","FS",1
"484+485",0.675546032684567,484,"01-P6S2C2FS-S","2","FS",1
"485+487",1,485,"01-P6S2C2FS-F","2","FS",1
"488+489",0.47622391474059,488,"01-P6S2C4FS-S","4","FS",1
"488+489",0.47622391474059,489,"01-P6S2C4FS-F","4","FS",1
"488+491",1,488,"01-P6S2C4FS-S","4","FS",1
"489+490",7.82833758177709,489,"01-P6S2C4FS-F","4","FS",1
"49+50",1.97600641829928,49,"01-P1S2C1AA-S","1","AA",1
"492+493",0.0658536460684138,492,"01-P6S3C1AA-S","1","AA",1
"492+494",12198.8682022542,492,"01-P6S3C1AA-S","1","AA",1
"493+494",0.788055465171865,494,"01-P6S3C1AA-W","1","AA",1
"494+495",3474.58626173209,494,"01-P6S3C1AA-W","1","AA",1
"496+497",0.217855635389403,496,"01-P6S3C2AA-S","2","AA",1
"496+497",0.217855635389403,497,"01-P6S3C2AA-F","2","AA",1
"497+498",0.440728523681469,497,"01-P6S3C2AA-F","2","AA",1
"497+499",2.36901376713682,499,"01-P6S3C2AA-Sp","2","AA",1
"497+499",2.36901376713682,497,"01-P6S3C2AA-F","2","AA",1
"500+501",13.0930929282378,500,"01-P6S3C4AA-S","4","AA",1
"500+502",0.658291495023791,502,"01-P6S3C4AA-W","4","AA",1
"500+502",0.658291495023791,500,"01-P6S3C4AA-S","4","AA",1
"501+502",1.82637839482224e-06,502,"01-P6S3C4AA-W","4","AA",1
"501+502",1.82637839482224e-06,501,"01-P6S3C4AA-F","4","AA",1
"501+503",1,501,"01-P6S3C4AA-F","4","AA",1
"504+505",Inf,504,"01-P6S3C1FS-S","1","FS",1
"504+505",Inf,505,"01-P6S3C1FS-F","1","FS",1
"504+507",0.683466373962311,507,"01-P6S3C1FS-Sp","1","FS",1
"504+507",0.683466373962311,504,"01-P6S3C1FS-S","1","FS",1
"506+507",NA,506,"01-P6S3C1FS-W","1","FS",1
"508+509",2.82886970398223,508,"01-P6S3C2FS-S","2","FS",1
"512+514",NA,512,"01-P6S3C4FS-S","4","FS",1
"512+514",NA,514,"01-P6S3C4FS-W","4","FS",1
"512+515",6.59054317298305,512,"01-P6S3C4FS-S","4","FS",1
"512+515",6.59054317298305,515,"01-P6S3C4FS-Sp","4","FS",1
"514+515",0,514,"01-P6S3C4FS-W","4","FS",1
"516+517",0.667291507915889,516,"01-P6S4C1AA-S","1","AA",1
"516+519",16615577.2653203,516,"01-P6S4C1AA-S","1","AA",1
"517+518",0,518,"01-P6S4C1AA-W","1","AA",1
"517+518",0,517,"01-P6S4C1AA-F","1","AA",1
"520+521",NA,520,"01-P6S4C2AA-S","2","AA",1
"520+522",1585.36414777858,520,"01-P6S4C2AA-S","2","AA",1
"520+523",8.80221908289875,520,"01-P6S4C2AA-S","2","AA",1
"520+523",8.80221908289875,523,"01-P6S4C2AA-Sp","2","AA",1
"521+523",1,523,"01-P6S4C2AA-Sp","2","AA",1
"524+525",Inf,524,"01-P6S4C4AA-S","4","AA",1
"528+529",Inf,528,"01-P6S4C1FS-S","1","FS",1
"528+530",0.283974103352318,530,"01-P3S1C1AA-W","1","AA",1
"528+530",0.283974103352318,530,"01-P6S4C1FS-W","1","FS",1
"53+54",1.34402824775523,53,"01-P1S2C2AA-S","2","AA",1
"53+54",1.34402824775523,54,"01-P1S2C2AA-F","2","AA",1
"530+531",362.62847958573,530,"01-P3S1C1AA-W","1","AA",1
"530+531",362.62847958573,530,"01-P6S4C1FS-W","1","FS",1
"532+533",0.643222498826128,532,"01-P6S4C4FS-S","4","FS",1
"534+535",0,535,"01-P6S4C4FS-Sp","4","FS",1
"534+535",0,534,"01-P6S4C4FS-W","4","FS",1
"536+537",0.0419007205726672,536,"01-P6S4C2FS-S","2","FS",1
"536+537",0.0419007205726672,537,"01-P6S4C2FS-F","2","FS",1
"536+538",0.118921878319144,536,"01-P6S4C2FS-S","2","FS",1
"536+539",5445751.28207501,536,"01-P6S4C2FS-S","2","FS",1
"538+539",1,538,"01-P6S4C2FS-W","2","FS",1
"540+541",1.8886612493798,540,"01-P6S5C1AA-S","1","AA",1
"540+541",1.8886612493798,541,"01-P6S5C1AA-F","1","AA",1
"542+543",1,542,"01-P6S5C1AA-W","1","AA",1
"544+545",Inf,544,"01-P6S5C2AA-S","2","AA",1
"545+546",0,545,"01-P6S5C2AA-F","2","AA",1
"545+547",Inf,545,"01-P6S5C2AA-F","2","AA",1
"548+549",1.4132740842407,548,"01-P6S5C4AA-S","4","AA",1
"548+549",1.4132740842407,549,"01-P6S5C4AA-F","4","AA",1
"548+551",9.88732789908188e-12,548,"01-P6S5C4AA-S","4","AA",1
"548+551",9.88732789908188e-12,551,"01-P6S5C4AA-Sp","4","AA",1
"549+551",NA,549,"01-P6S5C4AA-F","4","AA",1
"552+553",2.81963391154467,552,"01-P6S5C1FS-S","1","FS",1
"552+555",3.76890061774458,555,"01-P6S5C1FS-Sp","1","FS",1
"552+555",3.76890061774458,552,"01-P6S5C1FS-S","1","FS",1
"553+554",31.970106590202,553,"01-P6S5C1FS-F","1","FS",1
"553+554",31.970106590202,554,"01-P6S5C1FS-W","1","FS",1
"556+557",0.344992582887728,557,"01-P6S5C2FS-F","2","FS",1
"556+557",0.344992582887728,556,"01-P6S5C2FS-S","2","FS",1
"557+558",7.45835178804671,557,"01-P6S5C2FS-F","2","FS",1
"560+561",NA,560,"01-P6S5C4FS-S","4","FS",1
"560+561",NA,561,"01-P6S5C4FS-F","4","FS",1
"560+563",1,560,"01-P6S5C4FS-S","4","FS",1
"561+563",1,561,"01-P6S5C4FS-F","4","FS",1
"561+564",1,564,"01-P1S5C2AA-S","2","AA",1
"562+563",11530413.8615828,563,"01-P6S5C4FS-Sp","4","FS",1
"562+563",11530413.8615828,562,"01-P6S5C4FS-W","4","FS",1
"568+569",1.19569509727106,568,"01-P1S4C4AA-F","4","AA",1
"568+569",1.19569509727106,569,"01-P1S4C4AA-W","4","AA",1
"568+699",2.83488896577755e-05,568,"01-P1S4C4AA-F","4","AA",1
"57+58",0.863878164884061,57,"01-P1S2C4AA-S","4","AA",1
"574+575",2.25363270048754,574,"01-P1S4C2FS-S","2","FS",1
"574+575",2.25363270048754,575,"01-P1S4C2FS-F","2","FS",1
"578+579",0,578,"01-P1S4C4FS-W","4","FS",1
"578+579",0,579,"01-P1S4C4FS-F","4","FS",1
"582+587",1.30933090804376,582,"01-P1S5C2AA-F","2","AA",1
"582+587",1.30933090804376,587,"01-P1S5C2AA-W","2","AA",1
"582+589",1,589,"01-P1S5C4AA-F","4","AA",1
"583+589",2.30803674085699,583,"01-P1S5C4AA-S","4","AA",1
"583+589",2.30803674085699,589,"01-P1S5C4AA-F","4","AA",1
"584+589",1,589,"01-P1S5C4AA-F","4","AA",1
"584+592",1.93858731539965,584,"01-P1S5C1FS-S","1","FS",1
"584+592",1.93858731539965,592,"01-P1S5C1FS-F","1","FS",1
"585+595",1,585,"01-P1S5C4FS-S","4","FS",1
"586+595",2.02097980457663,586,"01-P1S5C2FS-S","2","FS",1
"586+595",2.02097980457663,595,"01-P1S5C2FS-F","2","FS",1
"590+608",3.02354028500839e+30,590,"01-P1S5C4AA-W","4","AA",1
"595+598",0.0505256015422053,595,"01-P1S5C2FS-F","2","FS",1
"596+800",5.64750526173454e+24,596,"01-P1S5C2FS-W","2","FS",1
"599+800",0,800,"01-P1S5C4FS-Sp","4","FS",1
"599+800",0,599,"01-P1S5C4FS-W","4","FS",1
"61+65",2.17840943868268,61,"01-P1S2C1FS-S","1","FS",1
"61+65",2.17840943868268,65,"01-P1S2C2FS-S","2","FS",1
"62+63",Inf,62,"01-P1S2C1FS-F","1","FS",1
"62+63",Inf,63,"01-P1S2C1FS-W","1","FS",1
"69+70",0,69,"01-P1S2C4FS-S","4","FS",1
"69+70",0,70,"01-P1S2C4FS-F","4","FS",1
"85+86",2.49475374179162,85,"01-P1S3C1FS-S","1","FS",1
"85+86",2.49475374179162,86,"01-P1S3C1FS-F","1","FS",1
"87+98",1,87,"01-P1S3C1FS-W","1","FS",1
"90+91",Inf,90,"01-P1S3C2FS-F","2","FS",1
"93+94",0,93,"01-P1S3C4FS-S","4","FS",1
"93+94",0,94,"01-P1S3C4FS-F","4","FS",1
"97+98",Inf,97,"01-P1S3C1AA-S","1","AA",1
