"","V1","V2","V3","V4","V5","V6","V7","V8","V9","V10","Code_sens","sensornumber","Serial","Plot","Subplot"
"1",1,"2021.07.28 00:00",4,14.75,17.5,19.625,2693,202,0,NA,"94206479",29,"TMS-94206479",6,"4"
"2",2,"2021.07.28 00:15",4,14.75,17.4375,19.625,2693,202,0,NA,"94206479",29,"TMS-94206479",6,"4"
"3",3,"2021.07.28 00:30",4,14.75,17.375,19.5,2693,202,0,NA,"94206479",29,"TMS-94206479",6,"4"
"4",4,"2021.07.28 00:45",4,14.75,17.375,19.625,2693,202,0,NA,"94206479",29,"TMS-94206479",6,"4"
"5",5,"2021.07.28 01:00",4,14.75,17.375,19.5625,2693,202,0,NA,"94206479",29,"TMS-94206479",6,"4"
"6",6,"2021.07.28 01:15",4,14.75,17.375,19.625,2693,202,0,NA,"94206479",29,"TMS-94206479",6,"4"
"7",7,"2021.07.28 01:30",4,14.75,17.375,19.5,2693,202,0,NA,"94206479",29,"TMS-94206479",6,"4"
"8",8,"2021.07.28 01:45",4,14.75,17.25,19.375,2693,202,0,NA,"94206479",29,"TMS-94206479",6,"4"
"9",9,"2021.07.28 02:00",4,14.75,17.25,19.25,2693,202,0,NA,"94206479",29,"TMS-94206479",6,"4"
"10",10,"2021.07.28 02:15",4,14.75,17.25,19.25,2692,202,0,NA,"94206479",29,"TMS-94206479",6,"4"
"11",11,"2021.07.28 02:30",4,14.6875,17.125,19.25,2692,202,0,NA,"94206479",29,"TMS-94206479",6,"4"
"12",12,"2021.07.28 02:45",4,14.6875,17.125,19.25,2692,202,0,NA,"94206479",29,"TMS-94206479",6,"4"
"13",13,"2021.07.28 03:00",4,14.75,17.1875,19.25,2692,202,0,NA,"94206479",29,"TMS-94206479",6,"4"
"14",14,"2021.07.28 03:15",4,14.6875,17.125,19.25,2692,202,0,NA,"94206479",29,"TMS-94206479",6,"4"
"15",15,"2021.07.28 03:30",4,14.6875,17.125,19.25,2692,202,0,NA,"94206479",29,"TMS-94206479",6,"4"
"16",16,"2021.07.28 03:45",4,14.6875,17.125,19.125,2692,202,0,NA,"94206479",29,"TMS-94206479",6,"4"
"17",17,"2021.07.28 04:00",4,14.6875,17.125,19.125,2692,202,0,NA,"94206479",29,"TMS-94206479",6,"4"
"18",18,"2021.07.28 04:15",4,14.6875,17.125,19.125,2692,202,0,NA,"94206479",29,"TMS-94206479",6,"4"
"19",19,"2021.07.28 04:30",4,14.6875,17.125,19.25,2692,202,0,NA,"94206479",29,"TMS-94206479",6,"4"
"20",20,"2021.07.28 04:45",4,14.6875,17.1875,19.375,2692,202,0,NA,"94206479",29,"TMS-94206479",6,"4"
"21",21,"2021.07.28 05:00",4,14.6875,17.25,19.375,2692,202,0,NA,"94206479",29,"TMS-94206479",6,"4"
"22",22,"2021.07.28 05:15",4,14.6875,17.25,19.5,2692,202,0,NA,"94206479",29,"TMS-94206479",6,"4"
"23",23,"2021.07.28 05:30",4,14.625,17.3125,19.625,2691,202,0,NA,"94206479",29,"TMS-94206479",6,"4"
"24",24,"2021.07.28 05:45",4,14.625,17.375,19.75,2691,202,0,NA,"94206479",29,"TMS-94206479",6,"4"
"25",25,"2021.07.28 06:00",4,14.625,17.375,19.875,2691,202,0,NA,"94206479",29,"TMS-94206479",6,"4"
"26",26,"2021.07.28 06:15",4,14.6875,17.4375,19.875,2691,202,0,NA,"94206479",29,"TMS-94206479",6,"4"
"27",27,"2021.07.28 06:30",4,14.625,17.5,20.0625,2690,202,0,NA,"94206479",29,"TMS-94206479",6,"4"
"28",28,"2021.07.28 06:45",4,14.6875,17.625,20.125,2690,202,0,NA,"94206479",29,"TMS-94206479",6,"4"
"29",29,"2021.07.28 07:00",4,14.6875,17.625,20.375,2690,202,0,NA,"94206479",29,"TMS-94206479",6,"4"
"30",30,"2021.07.28 07:15",4,14.6875,17.75,20.375,2690,202,0,NA,"94206479",29,"TMS-94206479",6,"4"
"31",31,"2021.07.28 07:30",4,14.6875,17.8125,20.5,2689,202,0,NA,"94206479",29,"TMS-94206479",6,"4"
"32",32,"2021.07.28 07:45",4,14.6875,17.875,20.5625,2689,202,0,NA,"94206479",29,"TMS-94206479",6,"4"
"33",33,"2021.07.28 08:00",4,14.6875,18,20.8125,2689,202,0,NA,"94206479",29,"TMS-94206479",6,"4"
"34",34,"2021.07.28 08:15",4,14.75,18,20.875,2689,202,0,NA,"94206479",29,"TMS-94206479",6,"4"
"35",35,"2021.07.28 08:30",4,14.75,18.125,21,2688,202,0,NA,"94206479",29,"TMS-94206479",6,"4"
"36",36,"2021.07.28 08:45",4,14.75,18.25,21.375,2688,202,0,NA,"94206479",29,"TMS-94206479",6,"4"
"37",37,"2021.07.28 09:00",4,14.75,18.375,21.625,2688,202,0,NA,"94206479",29,"TMS-94206479",6,"4"
"38",38,"2021.07.28 09:15",4,14.75,18.5,21.6875,2688,202,0,NA,"94206479",29,"TMS-94206479",6,"4"
"39",39,"2021.07.28 09:30",4,14.75,18.625,21.75,2688,202,0,NA,"94206479",29,"TMS-94206479",6,"4"
"40",40,"2021.07.28 09:45",4,14.75,18.75,21.875,2687,202,0,NA,"94206479",29,"TMS-94206479",6,"4"
"41",41,"2021.07.28 10:00",4,14.75,18.875,22.25,2687,202,0,NA,"94206479",29,"TMS-94206479",6,"4"
"42",42,"2021.07.28 10:15",4,14.8125,18.875,22.125,2687,202,0,NA,"94206479",29,"TMS-94206479",6,"4"
"43",43,"2021.07.28 10:30",4,14.8125,18.875,22,2687,202,0,NA,"94206479",29,"TMS-94206479",6,"4"
"44",44,"2021.07.28 10:45",4,14.875,18.875,22.0625,2686,202,0,NA,"94206479",29,"TMS-94206479",6,"4"
"45",45,"2021.07.28 11:00",4,14.875,19,22.3125,2686,202,0,NA,"94206479",29,"TMS-94206479",6,"4"
"46",46,"2021.07.28 11:15",4,14.875,19,22,2686,202,0,NA,"94206479",29,"TMS-94206479",6,"4"
"47",47,"2021.07.28 11:30",4,14.875,18.875,21.625,2685,202,0,NA,"94206479",29,"TMS-94206479",6,"4"
"48",48,"2021.07.28 11:45",4,14.9375,18.75,21.375,2685,202,0,NA,"94206479",29,"TMS-94206479",6,"4"
"49",49,"2021.07.28 12:00",4,14.9375,18.6875,21.0625,2685,202,0,NA,"94206479",29,"TMS-94206479",6,"4"
"50",50,"2021.07.28 12:15",4,15,18.625,21.125,2685,202,0,NA,"94206479",29,"TMS-94206479",6,"4"
"51",51,"2021.07.28 12:30",4,15,18.6875,21.6875,2684,202,0,NA,"94206479",29,"TMS-94206479",6,"4"
"52",52,"2021.07.28 12:45",4,15,18.75,21.6875,2684,202,0,NA,"94206479",29,"TMS-94206479",6,"4"
"53",53,"2021.07.28 13:00",4,15,18.75,21.75,2684,202,0,NA,"94206479",29,"TMS-94206479",6,"4"
"54",54,"2021.07.28 13:15",4,15,18.75,21.625,2683,202,0,NA,"94206479",29,"TMS-94206479",6,"4"
"55",55,"2021.07.28 13:30",4,15,18.625,21.375,2683,202,0,NA,"94206479",29,"TMS-94206479",6,"4"
"56",56,"2021.07.28 13:45",4,15.0625,18.625,21.5,2683,202,0,NA,"94206479",29,"TMS-94206479",6,"4"
"57",57,"2021.07.28 14:00",4,15.0625,18.625,21.75,2682,202,0,NA,"94206479",29,"TMS-94206479",6,"4"
"58",58,"2021.07.28 14:15",4,15.0625,18.625,21.6875,2681,202,0,NA,"94206479",29,"TMS-94206479",6,"4"
"59",59,"2021.07.28 14:30",4,15.125,18.5625,21.375,2681,202,0,NA,"94206479",29,"TMS-94206479",6,"4"
"60",60,"2021.07.28 14:45",4,15.125,18.5,21.625,2681,202,0,NA,"94206479",29,"TMS-94206479",6,"4"
"61",61,"2021.07.28 15:00",4,15.125,18.5625,21.8125,2680,202,0,NA,"94206479",29,"TMS-94206479",6,"4"
"62",62,"2021.07.28 15:15",4,15.125,18.5,21.75,2680,202,0,NA,"94206479",29,"TMS-94206479",6,"4"
"63",63,"2021.07.28 15:30",4,15.125,18.3125,20.3125,2680,202,0,NA,"94206479",29,"TMS-94206479",6,"4"
"64",64,"2021.07.28 15:45",4,15.125,17.9375,19.75,2679,202,0,NA,"94206479",29,"TMS-94206479",6,"4"
"65",65,"2021.07.28 16:00",4,15.125,17.9375,20.5,2679,202,0,NA,"94206479",29,"TMS-94206479",6,"4"
"66",66,"2021.07.28 16:15",4,15.125,18,20.75,2679,202,0,NA,"94206479",29,"TMS-94206479",6,"4"
"67",67,"2021.07.28 16:30",4,15.125,18,20.125,2679,202,0,NA,"94206479",29,"TMS-94206479",6,"4"
"68",68,"2021.07.28 16:45",4,15.125,17.8125,19.5625,2678,202,0,NA,"94206479",29,"TMS-94206479",6,"4"
"69",69,"2021.07.28 17:00",4,15.125,17.625,19.375,2678,202,0,NA,"94206479",29,"TMS-94206479",6,"4"
"70",70,"2021.07.28 17:15",4,15.125,17.5,19.125,2678,202,0,NA,"94206479",29,"TMS-94206479",6,"4"
"71",71,"2021.07.28 17:30",4,15.125,17.375,18.8125,2678,202,0,NA,"94206479",29,"TMS-94206479",6,"4"
"72",72,"2021.07.28 17:45",4,15.125,17.25,18.5,2677,202,0,NA,"94206479",29,"TMS-94206479",6,"4"
"73",73,"2021.07.28 18:00",4,15.125,17.125,18.625,2677,202,0,NA,"94206479",29,"TMS-94206479",6,"4"
"74",74,"2021.07.28 18:15",4,15.0625,17.0625,18.6875,2677,202,0,NA,"94206479",29,"TMS-94206479",6,"4"
"75",75,"2021.07.28 18:30",4,15.0625,17,18.4375,2677,202,0,NA,"94206479",29,"TMS-94206479",6,"4"
"76",76,"2021.07.28 18:45",4,15.0625,16.875,18.25,2677,202,0,NA,"94206479",29,"TMS-94206479",6,"4"
"77",77,"2021.07.28 19:00",4,15,16.8125,18.125,2676,202,0,NA,"94206479",29,"TMS-94206479",6,"4"
"78",78,"2021.07.28 19:15",4,15,16.75,18.125,2676,202,0,NA,"94206479",29,"TMS-94206479",6,"4"
"79",79,"2021.07.28 19:30",4,15,16.75,17.9375,2676,202,0,NA,"94206479",29,"TMS-94206479",6,"4"
"80",80,"2021.07.28 19:45",4,15,16.625,17.625,2676,202,0,NA,"94206479",29,"TMS-94206479",6,"4"
"81",81,"2021.07.28 20:00",4,15,16.5,17.5,2676,202,0,NA,"94206479",29,"TMS-94206479",6,"4"
"82",82,"2021.07.28 20:15",4,15,16.375,17.375,2676,202,0,NA,"94206479",29,"TMS-94206479",6,"4"
"83",83,"2021.07.28 20:30",4,15,16.3125,17.25,2676,202,0,NA,"94206479",29,"TMS-94206479",6,"4"
"84",84,"2021.07.28 20:45",4,14.9375,16.25,17.375,2676,202,0,NA,"94206479",29,"TMS-94206479",6,"4"
"85",85,"2021.07.28 21:00",4,14.9375,16.3125,17.8125,2676,202,0,NA,"94206479",29,"TMS-94206479",6,"4"
"86",86,"2021.07.28 21:15",4,14.875,16.4375,18.5,2676,202,0,NA,"94206479",29,"TMS-94206479",6,"4"
"87",87,"2021.07.28 21:30",4,14.875,16.625,18.875,2676,202,0,NA,"94206479",29,"TMS-94206479",6,"4"
"88",88,"2021.07.28 21:45",4,14.875,16.75,19.375,2676,202,0,NA,"94206479",29,"TMS-94206479",6,"4"
"89",89,"2021.07.28 22:00",4,14.875,17,20,2676,202,0,NA,"94206479",29,"TMS-94206479",6,"4"
"90",90,"2021.07.28 22:15",4,14.875,17.125,20.375,2676,202,0,NA,"94206479",29,"TMS-94206479",6,"4"
"91",91,"2021.07.28 22:30",4,14.875,17.25,20.1875,2676,202,0,NA,"94206479",29,"TMS-94206479",6,"4"
"92",92,"2021.07.28 22:45",4,14.875,17.25,20.25,2676,202,0,NA,"94206479",29,"TMS-94206479",6,"4"
"93",93,"2021.07.28 23:00",4,14.875,17.25,20.25,2676,202,0,NA,"94206479",29,"TMS-94206479",6,"4"
"94",94,"2021.07.28 23:15",4,14.8125,17.25,20.25,2676,202,0,NA,"94206479",29,"TMS-94206479",6,"4"
"95",95,"2021.07.28 23:30",4,14.8125,17.25,20.1875,2676,202,0,NA,"94206479",29,"TMS-94206479",6,"4"
"96",96,"2021.07.28 23:45",4,14.8125,17.25,20.3125,2676,202,0,NA,"94206479",29,"TMS-94206479",6,"4"
"97",97,"2021.07.29 00:00",4,14.8125,17.3125,20.375,2676,202,0,NA,"94206479",29,"TMS-94206479",6,"4"
"98",98,"2021.07.29 00:15",4,14.8125,17.375,20.25,2676,202,0,NA,"94206479",29,"TMS-94206479",6,"4"
"99",99,"2021.07.29 00:30",4,14.75,17.375,20.1875,2676,202,0,NA,"94206479",29,"TMS-94206479",6,"4"
"100",100,"2021.07.29 00:45",4,14.75,17.375,20.3125,2676,202,0,NA,"94206479",29,"TMS-94206479",6,"4"
"101",101,"2021.07.29 01:00",4,14.75,17.375,20.125,2676,202,0,NA,"94206479",29,"TMS-94206479",6,"4"
"102",102,"2021.07.29 01:15",4,14.75,17.375,20.375,2676,202,0,NA,"94206479",29,"TMS-94206479",6,"4"
"103",103,"2021.07.29 01:30",4,14.75,17.375,20.25,2676,202,0,NA,"94206479",29,"TMS-94206479",6,"4"
"104",104,"2021.07.29 01:45",4,14.75,17.375,20.375,2676,202,0,NA,"94206479",29,"TMS-94206479",6,"4"
"105",105,"2021.07.29 02:00",4,14.75,17.375,20.375,2676,202,0,NA,"94206479",29,"TMS-94206479",6,"4"
"106",106,"2021.07.29 02:15",4,14.75,17.375,20.5,2676,202,0,NA,"94206479",29,"TMS-94206479",6,"4"
"107",107,"2021.07.29 02:30",4,14.75,17.375,20.375,2676,202,0,NA,"94206479",29,"TMS-94206479",6,"4"
"108",108,"2021.07.29 02:45",4,14.75,17.375,20.4375,2676,202,0,NA,"94206479",29,"TMS-94206479",6,"4"
"109",109,"2021.07.29 03:00",4,14.75,17.375,20.375,2676,202,0,NA,"94206479",29,"TMS-94206479",6,"4"
"110",110,"2021.07.29 03:15",4,14.75,17.375,20.375,2676,202,0,NA,"94206479",29,"TMS-94206479",6,"4"
"111",111,"2021.07.29 03:30",4,14.75,17.375,20.25,2675,202,0,NA,"94206479",29,"TMS-94206479",6,"4"
"112",112,"2021.07.29 03:45",4,14.75,17.375,20.25,2675,202,0,NA,"94206479",29,"TMS-94206479",6,"4"
"113",113,"2021.07.29 04:00",4,14.75,17.3125,20.125,2675,202,0,NA,"94206479",29,"TMS-94206479",6,"4"
"114",114,"2021.07.29 04:15",4,14.75,17.3125,20.125,2675,202,0,NA,"94206479",29,"TMS-94206479",6,"4"
"115",115,"2021.07.29 04:30",4,14.75,17.3125,20.25,2675,202,0,NA,"94206479",29,"TMS-94206479",6,"4"
"116",116,"2021.07.29 04:45",4,14.75,17.375,20.375,2675,202,0,NA,"94206479",29,"TMS-94206479",6,"4"
"117",117,"2021.07.29 05:00",4,14.75,17.5,20.875,2675,202,0,NA,"94206479",29,"TMS-94206479",6,"4"
"118",118,"2021.07.29 05:15",4,14.75,17.5,20.125,2674,202,0,NA,"94206479",29,"TMS-94206479",6,"4"
"119",119,"2021.07.29 05:30",4,14.75,17.25,19.4375,2674,202,0,NA,"94206479",29,"TMS-94206479",6,"4"
"120",120,"2021.07.29 05:45",4,14.6875,17.125,19.25,2673,202,0,NA,"94206479",29,"TMS-94206479",6,"4"
"121",121,"2021.07.29 06:00",4,14.6875,17.125,19.3125,2673,202,0,NA,"94206479",29,"TMS-94206479",6,"4"
"122",122,"2021.07.29 06:15",4,14.6875,17.125,19.5,2673,202,0,NA,"94206479",29,"TMS-94206479",6,"4"
"123",123,"2021.07.29 06:30",4,14.6875,17.125,19.6875,2672,202,0,NA,"94206479",29,"TMS-94206479",6,"4"
"124",124,"2021.07.29 06:45",4,14.6875,17.125,19.875,2672,202,0,NA,"94206479",29,"TMS-94206479",6,"4"
"125",125,"2021.07.29 07:00",4,14.6875,17.25,20.25,2672,202,0,NA,"94206479",29,"TMS-94206479",6,"4"
"126",126,"2021.07.29 07:15",4,14.6875,17.375,20.625,2671,202,0,NA,"94206479",29,"TMS-94206479",6,"4"
"127",127,"2021.07.29 07:30",4,14.6875,17.5,20.875,2671,202,0,NA,"94206479",29,"TMS-94206479",6,"4"
"128",128,"2021.07.29 07:45",4,14.6875,17.625,21.25,2671,202,0,NA,"94206479",29,"TMS-94206479",6,"4"
"129",129,"2021.07.29 08:00",4,14.625,17.75,21.375,2671,202,0,NA,"94206479",29,"TMS-94206479",6,"4"
"130",130,"2021.07.29 08:15",4,14.625,17.9375,21.75,2670,202,0,NA,"94206479",29,"TMS-94206479",6,"4"
"131",131,"2021.07.29 08:30",4,14.625,18.125,22.125,2670,202,0,NA,"94206479",29,"TMS-94206479",6,"4"
"132",132,"2021.07.29 08:45",4,14.6875,18.25,22.125,2670,202,0,NA,"94206479",29,"TMS-94206479",6,"4"
"133",133,"2021.07.29 09:00",4,14.6875,18.375,22.375,2669,202,0,NA,"94206479",29,"TMS-94206479",6,"4"
"134",134,"2021.07.29 09:15",4,14.6875,18.5,22.875,2669,202,0,NA,"94206479",29,"TMS-94206479",6,"4"
"135",135,"2021.07.29 09:30",4,14.6875,18.875,23.1875,2669,202,0,NA,"94206479",29,"TMS-94206479",6,"4"
"136",136,"2021.07.29 09:45",4,14.6875,19.125,23.125,2669,202,0,NA,"94206479",29,"TMS-94206479",6,"4"
"137",137,"2021.07.29 10:00",4,14.75,19.125,23,2668,202,0,NA,"94206479",29,"TMS-94206479",6,"4"
"138",138,"2021.07.29 10:15",4,14.75,19,22.75,2668,202,0,NA,"94206479",29,"TMS-94206479",6,"4"
"139",139,"2021.07.29 10:30",4,14.75,18.75,22.125,2667,202,0,NA,"94206479",29,"TMS-94206479",6,"4"
"140",140,"2021.07.29 10:45",4,14.75,18.625,21.6875,2667,202,0,NA,"94206479",29,"TMS-94206479",6,"4"
"141",141,"2021.07.29 11:00",4,14.75,18.625,22.0625,2666,202,0,NA,"94206479",29,"TMS-94206479",6,"4"
"142",142,"2021.07.29 11:15",4,14.75,18.6875,22.1875,2666,202,0,NA,"94206479",29,"TMS-94206479",6,"4"
"143",143,"2021.07.29 11:30",4,14.8125,18.75,22.5,2666,202,0,NA,"94206479",29,"TMS-94206479",6,"4"
"144",144,"2021.07.29 11:45",4,14.8125,18.75,22.5625,2665,202,0,NA,"94206479",29,"TMS-94206479",6,"4"
"145",145,"2021.07.29 12:00",4,14.875,18.75,22.5625,2665,202,0,NA,"94206479",29,"TMS-94206479",6,"4"
"146",146,"2021.07.29 12:15",4,14.875,18.8125,22.5,2665,202,0,NA,"94206479",29,"TMS-94206479",6,"4"
"147",147,"2021.07.29 12:30",4,14.875,18.875,22.5,2664,202,0,NA,"94206479",29,"TMS-94206479",6,"4"
"148",148,"2021.07.29 12:45",4,14.875,18.9375,22.5,2664,202,0,NA,"94206479",29,"TMS-94206479",6,"4"
"149",149,"2021.07.29 13:00",4,14.875,18.9375,22.3125,2663,202,0,NA,"94206479",29,"TMS-94206479",6,"4"
"150",150,"2021.07.29 13:15",4,14.875,19,22.5,2663,202,0,NA,"94206479",29,"TMS-94206479",6,"4"
"151",151,"2021.07.29 13:30",4,14.875,19,22.4375,2663,202,0,NA,"94206479",29,"TMS-94206479",6,"4"
"152",152,"2021.07.29 13:45",4,14.9375,18.9375,22.375,2662,202,0,NA,"94206479",29,"TMS-94206479",6,"4"
"153",153,"2021.07.29 14:00",4,14.9375,19,22.3125,2662,202,0,NA,"94206479",29,"TMS-94206479",6,"4"
"154",154,"2021.07.29 14:15",4,14.9375,19,22.375,2661,202,0,NA,"94206479",29,"TMS-94206479",6,"4"
"155",155,"2021.07.29 14:30",4,15,19,22.125,2661,202,0,NA,"94206479",29,"TMS-94206479",6,"4"
"156",156,"2021.07.29 14:45",4,15,18.9375,22.125,2661,202,0,NA,"94206479",29,"TMS-94206479",6,"4"
"157",157,"2021.07.29 15:00",4,15,18.875,22,2660,202,0,NA,"94206479",29,"TMS-94206479",6,"4"
"158",158,"2021.07.29 15:15",4,15,18.75,21.75,2660,202,0,NA,"94206479",29,"TMS-94206479",6,"4"
"159",159,"2021.07.29 15:30",4,15,18.625,21.5,2659,202,0,NA,"94206479",29,"TMS-94206479",6,"4"
"160",160,"2021.07.29 15:45",4,15,18.5625,21.3125,2659,202,0,NA,"94206479",29,"TMS-94206479",6,"4"
"161",161,"2021.07.29 16:00",4,15,18.5,21.125,2658,202,0,NA,"94206479",29,"TMS-94206479",6,"4"
"162",162,"2021.07.29 16:15",4,15.0625,18.375,21,2658,202,0,NA,"94206479",29,"TMS-94206479",6,"4"
"163",163,"2021.07.29 16:30",4,15.0625,18.3125,20.875,2658,202,0,NA,"94206479",29,"TMS-94206479",6,"4"
"164",164,"2021.07.29 16:45",4,15.0625,18.25,20.625,2657,202,0,NA,"94206479",29,"TMS-94206479",6,"4"
"165",165,"2021.07.29 17:00",4,15.0625,18.125,20.625,2657,202,0,NA,"94206479",29,"TMS-94206479",6,"4"
"166",166,"2021.07.29 17:15",4,15.0625,18.125,20.5,2657,202,0,NA,"94206479",29,"TMS-94206479",6,"4"
"167",167,"2021.07.29 17:30",4,15.125,18.0625,20.375,2656,202,0,NA,"94206479",29,"TMS-94206479",6,"4"
"168",168,"2021.07.29 17:45",4,15.125,18,20.375,2656,202,0,NA,"94206479",29,"TMS-94206479",6,"4"
"169",169,"2021.07.29 18:00",4,15.125,18,20.25,2656,202,0,NA,"94206479",29,"TMS-94206479",6,"4"
"170",170,"2021.07.29 18:15",4,15.125,17.9375,20.375,2656,202,0,NA,"94206479",29,"TMS-94206479",6,"4"
"171",171,"2021.07.29 18:30",4,15.125,17.875,20.375,2655,202,0,NA,"94206479",29,"TMS-94206479",6,"4"
"172",172,"2021.07.29 18:45",4,15.125,17.875,20.125,2655,202,0,NA,"94206479",29,"TMS-94206479",6,"4"
"173",173,"2021.07.29 19:00",4,15.125,17.8125,20,2655,202,0,NA,"94206479",29,"TMS-94206479",6,"4"
"174",174,"2021.07.29 19:15",4,15.125,17.75,20,2655,202,0,NA,"94206479",29,"TMS-94206479",6,"4"
"175",175,"2021.07.29 19:30",4,15.125,17.75,19.9375,2655,202,0,NA,"94206479",29,"TMS-94206479",6,"4"
"176",176,"2021.07.29 19:45",4,15.0625,17.625,19.8125,2655,202,0,NA,"94206479",29,"TMS-94206479",6,"4"
"177",177,"2021.07.29 20:00",4,15.0625,17.625,19.75,2655,202,0,NA,"94206479",29,"TMS-94206479",6,"4"
"178",178,"2021.07.29 20:15",4,15.0625,17.5625,19.625,2654,202,0,NA,"94206479",29,"TMS-94206479",6,"4"
"179",179,"2021.07.29 20:30",4,15.0625,17.5,19.625,2654,202,0,NA,"94206479",29,"TMS-94206479",6,"4"
"180",180,"2021.07.29 20:45",4,15.0625,17.5,19.5,2654,202,0,NA,"94206479",29,"TMS-94206479",6,"4"
"181",181,"2021.07.29 21:00",4,15.0625,17.375,19.25,2654,202,0,NA,"94206479",29,"TMS-94206479",6,"4"
"182",182,"2021.07.29 21:15",4,15,17.375,19.125,2654,202,0,NA,"94206479",29,"TMS-94206479",6,"4"
"183",183,"2021.07.29 21:30",4,15.0625,17.25,19.0625,2654,202,0,NA,"94206479",29,"TMS-94206479",6,"4"
"184",184,"2021.07.29 21:45",4,15,17.25,18.9375,2654,202,0,NA,"94206479",29,"TMS-94206479",6,"4"
"185",185,"2021.07.29 22:00",4,15,17.1875,18.875,2654,202,0,NA,"94206479",29,"TMS-94206479",6,"4"
"186",186,"2021.07.29 22:15",4,15,17.125,18.6875,2654,202,0,NA,"94206479",29,"TMS-94206479",6,"4"
"187",187,"2021.07.29 22:30",4,15,17.0625,18.5625,2653,202,0,NA,"94206479",29,"TMS-94206479",6,"4"
"188",188,"2021.07.29 22:45",4,15,17,18.5625,2653,202,0,NA,"94206479",29,"TMS-94206479",6,"4"
"189",189,"2021.07.29 23:00",4,15,17,18.5,2653,202,0,NA,"94206479",29,"TMS-94206479",6,"4"
"190",190,"2021.07.29 23:15",4,15,17,18.5,2653,202,0,NA,"94206479",29,"TMS-94206479",6,"4"
"191",191,"2021.07.29 23:30",4,15,17,18.4375,2653,202,0,NA,"94206479",29,"TMS-94206479",6,"4"
"192",192,"2021.07.29 23:45",4,15,16.9375,18.25,2653,202,0,NA,"94206479",29,"TMS-94206479",6,"4"
"193",193,"2021.07.30 00:00",4,15,16.875,18.125,2653,202,0,NA,"94206479",29,"TMS-94206479",6,"4"
"194",194,"2021.07.30 00:15",4,15,16.8125,18.0625,2653,202,0,NA,"94206479",29,"TMS-94206479",6,"4"
"195",195,"2021.07.30 00:30",4,15,16.75,17.875,2653,202,0,NA,"94206479",29,"TMS-94206479",6,"4"
"196",196,"2021.07.30 00:45",4,15,16.75,17.75,2653,202,0,NA,"94206479",29,"TMS-94206479",6,"4"
"197",197,"2021.07.30 01:00",4,15,16.6875,17.75,2653,202,0,NA,"94206479",29,"TMS-94206479",6,"4"
"198",198,"2021.07.30 01:15",4,14.9375,16.625,17.75,2653,202,0,NA,"94206479",29,"TMS-94206479",6,"4"
"199",199,"2021.07.30 01:30",4,14.9375,16.625,17.75,2653,202,0,NA,"94206479",29,"TMS-94206479",6,"4"
"200",200,"2021.07.30 01:45",4,14.9375,16.625,17.625,2653,202,0,NA,"94206479",29,"TMS-94206479",6,"4"
"201",201,"2021.07.30 02:00",4,14.9375,16.5,17.625,2653,202,0,NA,"94206479",29,"TMS-94206479",6,"4"
"202",202,"2021.07.30 02:15",4,14.9375,16.5,17.625,2653,202,0,NA,"94206479",29,"TMS-94206479",6,"4"
"203",203,"2021.07.30 02:30",4,14.875,16.5,17.625,2653,202,0,NA,"94206479",29,"TMS-94206479",6,"4"
"204",204,"2021.07.30 02:45",4,14.875,16.4375,17.5625,2653,202,0,NA,"94206479",29,"TMS-94206479",6,"4"
"205",205,"2021.07.30 03:00",4,14.875,16.375,17.375,2653,202,0,NA,"94206479",29,"TMS-94206479",6,"4"
"206",206,"2021.07.30 03:15",4,14.875,16.375,17.375,2653,202,0,NA,"94206479",29,"TMS-94206479",6,"4"
"207",207,"2021.07.30 03:30",4,14.875,16.375,17.5625,2653,202,0,NA,"94206479",29,"TMS-94206479",6,"4"
"208",208,"2021.07.30 03:45",4,14.875,16.375,17.5625,2653,202,0,NA,"94206479",29,"TMS-94206479",6,"4"
"209",209,"2021.07.30 04:00",4,14.875,16.375,17.625,2653,202,0,NA,"94206479",29,"TMS-94206479",6,"4"
"210",210,"2021.07.30 04:15",4,14.875,16.375,17.75,2653,202,0,NA,"94206479",29,"TMS-94206479",6,"4"
"211",211,"2021.07.30 04:30",4,14.875,16.4375,17.75,2653,202,0,NA,"94206479",29,"TMS-94206479",6,"4"
"212",212,"2021.07.30 04:45",4,14.875,16.4375,17.75,2653,202,0,NA,"94206479",29,"TMS-94206479",6,"4"
"213",213,"2021.07.30 05:00",4,14.875,16.5,17.75,2653,202,0,NA,"94206479",29,"TMS-94206479",6,"4"
"214",214,"2021.07.30 05:15",4,14.875,16.5,17.875,2653,202,0,NA,"94206479",29,"TMS-94206479",6,"4"
"215",215,"2021.07.30 05:30",4,14.875,16.5,18,2652,202,0,NA,"94206479",29,"TMS-94206479",6,"4"
"216",216,"2021.07.30 05:45",4,14.8125,16.5625,18.125,2652,202,0,NA,"94206479",29,"TMS-94206479",6,"4"
"217",217,"2021.07.30 06:00",4,14.8125,16.625,18.25,2652,202,0,NA,"94206479",29,"TMS-94206479",6,"4"
"218",218,"2021.07.30 06:15",4,14.8125,16.75,18.375,2652,202,0,NA,"94206479",29,"TMS-94206479",6,"4"
"219",219,"2021.07.30 06:30",4,14.8125,16.75,18.5,2652,202,0,NA,"94206479",29,"TMS-94206479",6,"4"
"220",220,"2021.07.30 06:45",4,14.8125,16.8125,18.625,2652,202,0,NA,"94206479",29,"TMS-94206479",6,"4"
"221",221,"2021.07.30 07:00",4,14.8125,16.875,18.6875,2651,202,0,NA,"94206479",29,"TMS-94206479",6,"4"
"222",222,"2021.07.30 07:15",4,14.8125,17,18.875,2651,202,0,NA,"94206479",29,"TMS-94206479",6,"4"
"223",223,"2021.07.30 07:30",4,14.8125,17.0625,19.125,2651,202,0,NA,"94206479",29,"TMS-94206479",6,"4"
"224",224,"2021.07.30 07:45",4,14.8125,17.125,19.375,2651,202,0,NA,"94206479",29,"TMS-94206479",6,"4"
"225",225,"2021.07.30 08:00",4,14.8125,17.375,19.875,2651,202,0,NA,"94206479",29,"TMS-94206479",6,"4"
"226",226,"2021.07.30 08:15",4,14.8125,17.5,20.0625,2651,202,0,NA,"94206479",29,"TMS-94206479",6,"4"
"227",227,"2021.07.30 08:30",4,14.8125,17.5625,20.125,2650,202,0,NA,"94206479",29,"TMS-94206479",6,"4"
"228",228,"2021.07.30 08:45",4,14.8125,17.625,20.375,2650,202,0,NA,"94206479",29,"TMS-94206479",6,"4"
"229",229,"2021.07.30 09:00",4,14.8125,17.75,20.5625,2650,202,0,NA,"94206479",29,"TMS-94206479",6,"4"
"230",230,"2021.07.30 09:15",4,14.875,17.875,20.6875,2650,202,0,NA,"94206479",29,"TMS-94206479",6,"4"
"231",231,"2021.07.30 09:30",4,14.875,18,20.8125,2650,202,0,NA,"94206479",29,"TMS-94206479",6,"4"
"232",232,"2021.07.30 09:45",4,14.875,18.125,21.25,2650,202,0,NA,"94206479",29,"TMS-94206479",6,"4"
"233",233,"2021.07.30 10:00",4,14.875,18.25,21.375,2649,202,0,NA,"94206479",29,"TMS-94206479",6,"4"
"234",234,"2021.07.30 10:15",4,14.875,18.375,21.3125,2650,202,0,NA,"94206479",29,"TMS-94206479",6,"4"
"235",235,"2021.07.30 10:30",4,15.5625,18.75,21.4375,2402,202,0,NA,"94206479",29,"TMS-94206479",6,"4"
"236",236,"2021.07.30 10:45",4,15.5,18.9375,21.0625,2421,202,0,NA,"94206479",29,"TMS-94206479",6,"4"
"237",237,"2021.07.30 11:00",4,15.5,18.9375,20.875,2429,202,0,NA,"94206479",29,"TMS-94206479",6,"4"
"238",238,"2021.07.30 11:15",4,15.5,19.125,21,2433,202,0,NA,"94206479",29,"TMS-94206479",6,"4"
"239",239,"2021.07.30 11:30",4,15.5,18.9375,20.5625,2435,202,0,NA,"94206479",29,"TMS-94206479",6,"4"
"240",240,"2021.07.30 11:45",4,15.5625,19.125,21,2438,202,0,NA,"94206479",29,"TMS-94206479",6,"4"
"241",241,"2021.07.30 12:00",4,15.5625,19.125,21,2439,202,0,NA,"94206479",29,"TMS-94206479",6,"4"
"242",242,"2021.07.30 12:15",4,15.625,18.9375,20.5,2440,202,0,NA,"94206479",29,"TMS-94206479",6,"4"
"243",243,"2021.07.30 12:30",4,15.625,18.8125,20.25,2441,202,0,NA,"94206479",29,"TMS-94206479",6,"4"
"244",244,"2021.07.30 12:45",4,15.625,19.0625,20.9375,2442,202,0,NA,"94206479",29,"TMS-94206479",6,"4"
"245",245,"2021.07.30 13:00",4,15.625,19,20.6875,2443,202,0,NA,"94206479",29,"TMS-94206479",6,"4"
"246",246,"2021.07.30 13:15",4,15.625,18.9375,20.4375,2443,202,0,NA,"94206479",29,"TMS-94206479",6,"4"
"247",247,"2021.07.30 13:30",4,15.6875,18.875,20.25,2444,202,0,NA,"94206479",29,"TMS-94206479",6,"4"
"248",248,"2021.07.30 13:45",4,15.6875,18.75,20.125,2444,202,0,NA,"94206479",29,"TMS-94206479",6,"4"
"249",249,"2021.07.30 14:00",4,15.75,18.6875,20.0625,2445,202,0,NA,"94206479",29,"TMS-94206479",6,"4"
